CREATE DATABASE  IF NOT EXISTS `coffee_db_project` /*!40100 DEFAULT CHARACTER SET utf8mb4 COLLATE utf8mb4_0900_ai_ci */ /*!80016 DEFAULT ENCRYPTION='N' */;
USE `coffee_db_project`;
-- MySQL dump 10.13  Distrib 8.0.31, for Win64 (x86_64)
--
-- Host: localhost    Database: coffee_db_project
-- ------------------------------------------------------
-- Server version	8.0.31

/*!40101 SET @OLD_CHARACTER_SET_CLIENT=@@CHARACTER_SET_CLIENT */;
/*!40101 SET @OLD_CHARACTER_SET_RESULTS=@@CHARACTER_SET_RESULTS */;
/*!40101 SET @OLD_COLLATION_CONNECTION=@@COLLATION_CONNECTION */;
/*!50503 SET NAMES utf8 */;
/*!40103 SET @OLD_TIME_ZONE=@@TIME_ZONE */;
/*!40103 SET TIME_ZONE='+00:00' */;
/*!40014 SET @OLD_UNIQUE_CHECKS=@@UNIQUE_CHECKS, UNIQUE_CHECKS=0 */;
/*!40014 SET @OLD_FOREIGN_KEY_CHECKS=@@FOREIGN_KEY_CHECKS, FOREIGN_KEY_CHECKS=0 */;
/*!40101 SET @OLD_SQL_MODE=@@SQL_MODE, SQL_MODE='NO_AUTO_VALUE_ON_ZERO' */;
/*!40111 SET @OLD_SQL_NOTES=@@SQL_NOTES, SQL_NOTES=0 */;

--
-- Table structure for table `admin`
--

DROP TABLE IF EXISTS `admin`;
/*!40101 SET @saved_cs_client     = @@character_set_client */;
/*!50503 SET character_set_client = utf8mb4 */;
CREATE TABLE `admin` (
  `Id` int NOT NULL AUTO_INCREMENT,
  `name` varchar(100) NOT NULL,
  `password` varchar(500) NOT NULL,
  `email` varchar(100) NOT NULL,
  `imgPath` varchar(200) DEFAULT './img/admin_Images/1.jpg',
  PRIMARY KEY (`Id`),
  UNIQUE KEY `email` (`email`)
) ENGINE=InnoDB AUTO_INCREMENT=11 DEFAULT CHARSET=utf8mb4 COLLATE=utf8mb4_0900_ai_ci;
/*!40101 SET character_set_client = @saved_cs_client */;

--
-- Dumping data for table `admin`
--

LOCK TABLES `admin` WRITE;
/*!40000 ALTER TABLE `admin` DISABLE KEYS */;
INSERT INTO `admin` VALUES (1,'Sarene','qvnZiWxd','sgoublier0@sogou.com','./img/admin_Images/1.jpg'),(2,'Clo','91FJmdK','cnovic1@paginegialle.it','./img/admin_Images/1.jpg'),(3,'Maximo','AcK1wox5','martin2@cafepress.com','./img/admin_Images/1.jpg'),(4,'Genevra','I7Q4PIi3LM','gfanthom3@merriam-webster.com','./img/admin_Images/1.jpg'),(5,'Genna','jB5NOM8hRtdc','glamont4@prlog.org','./img/admin_Images/1.jpg'),(6,'Mathian','B9U7J3qFQvvs','mberth5@theatlantic.com','./img/admin_Images/1.jpg'),(7,'Iorgo','MOAcxTob6','iwaddilow6@nationalgeographic.com','./img/admin_Images/1.jpg'),(8,'Sayers','gV0ikJ','sweiser7@youtu.be','./img/admin_Images/1.jpg'),(9,'Weber','icqTOP','wvittori8@issuu.com','./img/admin_Images/1.jpg'),(10,'Clare','0PKQY6dR2R','cparkin9@xinhuanet.com','./img/admin_Images/1.jpg');
/*!40000 ALTER TABLE `admin` ENABLE KEYS */;
UNLOCK TABLES;

--
-- Table structure for table `cart`
--

DROP TABLE IF EXISTS `cart`;
/*!40101 SET @saved_cs_client     = @@character_set_client */;
/*!50503 SET character_set_client = utf8mb4 */;
CREATE TABLE `cart` (
  `product_id` int NOT NULL,
  `order_id` int NOT NULL,
  `price` double NOT NULL,
  `quntity` int NOT NULL,
  PRIMARY KEY (`product_id`,`order_id`),
  KEY `order_id` (`order_id`),
  CONSTRAINT `cart_ibfk_1` FOREIGN KEY (`product_id`) REFERENCES `product` (`Id`),
  CONSTRAINT `cart_ibfk_2` FOREIGN KEY (`order_id`) REFERENCES `orders` (`Id`)
) ENGINE=InnoDB DEFAULT CHARSET=utf8mb4 COLLATE=utf8mb4_0900_ai_ci;
/*!40101 SET character_set_client = @saved_cs_client */;

--
-- Dumping data for table `cart`
--

LOCK TABLES `cart` WRITE;
/*!40000 ALTER TABLE `cart` DISABLE KEYS */;
INSERT INTO `cart` VALUES (1,12,379,6),(1,64,330,9),(1,104,975,5),(1,112,616,10),(1,200,649,8),(2,1,287,2),(2,9,383,4),(2,122,622,1),(2,169,953,6),(3,15,788,7),(4,30,750,1),(4,58,258,1),(4,78,260,9),(4,138,498,10),(4,146,867,4),(4,150,485,5),(4,160,941,1),(5,18,234,9),(5,79,178,10),(5,196,192,10),(5,203,544,2),(6,1,707,10),(6,41,865,1),(6,66,880,9),(6,73,179,6),(6,86,475,7),(6,88,342,2),(6,93,731,8),(6,124,970,2),(6,128,498,2),(6,137,386,1),(6,174,491,1),(7,18,149,3),(7,28,532,2),(7,33,322,3),(7,59,156,8),(8,9,796,5),(8,130,612,3),(8,160,724,6),(8,165,723,2),(8,171,419,6),(8,177,893,8),(9,57,476,10),(9,63,198,3),(9,146,183,2),(9,152,800,2),(9,159,688,4),(10,35,332,6),(10,127,880,1),(10,192,654,4),(11,10,907,3),(11,73,361,7),(11,103,144,10),(12,46,627,5),(12,52,927,1),(12,134,580,10),(12,159,194,8),(12,162,751,10),(12,194,700,1),(13,46,463,6),(13,49,166,1),(13,74,526,3),(13,93,323,4),(13,154,234,10),(13,158,906,4),(13,174,124,9),(14,12,174,7),(14,36,598,7),(14,91,339,5),(14,96,700,2),(14,115,444,7),(14,154,762,2),(14,180,183,1),(15,40,119,8),(15,70,597,4),(15,74,213,4),(15,125,465,10),(15,159,241,8),(15,179,201,7),(15,192,546,10),(16,164,185,9),(16,185,137,10),(16,193,134,6),(17,54,595,3),(17,128,129,2),(17,151,892,9),(18,2,179,7),(18,28,318,3),(18,66,357,7),(18,85,802,5),(18,131,876,5),(18,171,978,4),(19,28,882,5),(19,29,271,6),(19,34,388,8),(19,37,287,3),(19,119,101,9),(19,148,991,8),(19,186,706,8),(20,13,788,3),(20,52,836,5),(20,58,176,7),(20,63,836,8),(20,133,488,7),(20,175,512,10),(21,48,263,2),(21,159,754,8),(21,195,135,7),(22,11,184,9),(22,24,119,6),(22,82,104,1),(22,92,311,9),(22,94,963,3),(22,98,795,1),(22,114,678,9),(22,183,930,6),(22,187,514,8),(23,5,102,5),(23,60,804,7),(23,111,804,5),(23,141,932,7),(23,162,655,3),(24,8,951,9),(24,90,842,1),(24,105,123,8),(24,130,100,10),(24,136,229,4),(25,8,319,9),(25,77,822,9),(25,85,888,3),(25,129,210,3),(25,156,244,8),(25,161,987,4),(26,56,633,8),(26,89,654,2),(26,153,534,10),(26,200,842,6),(27,8,154,2),(27,9,634,9),(27,15,341,6),(27,30,318,6),(27,146,715,1),(27,173,139,7),(27,203,777,8),(28,10,385,1),(28,48,787,5),(28,66,670,4),(28,143,647,6),(29,48,911,5),(29,131,539,3),(29,160,539,8),(29,179,634,4),(30,3,912,1),(30,68,493,3),(30,116,249,9),(30,153,351,4),(30,164,726,8),(31,33,419,10),(31,94,362,2),(31,95,469,3),(31,120,670,2),(31,123,984,3),(31,125,511,8),(31,132,635,2),(31,144,718,7),(31,201,695,5),(32,5,850,3),(32,85,826,5),(32,136,373,10),(32,141,864,1),(32,153,588,8),(33,3,433,6),(33,41,789,6),(33,53,605,8),(33,89,662,9),(33,92,506,9),(33,110,243,3),(33,149,261,8),(33,151,458,4),(33,170,494,9),(33,184,608,2),(33,190,928,8),(34,12,330,5),(34,27,235,1),(34,122,915,8),(35,10,435,8),(35,131,194,9),(35,162,639,7),(35,170,440,10),(36,3,822,6),(36,33,252,3),(36,61,857,6),(36,67,905,8),(36,101,310,1),(36,154,572,7),(36,159,571,8),(36,187,485,2),(36,192,856,8),(36,203,413,4),(37,74,559,10),(37,157,216,8),(38,49,842,9),(38,92,581,4),(38,124,114,1),(38,146,363,4),(38,157,482,7),(39,44,157,4),(39,191,535,4),(39,202,433,8),(40,91,698,3),(40,96,536,1),(40,163,651,2),(40,176,231,3),(41,14,115,2),(41,85,890,6),(41,87,474,4),(41,93,341,7),(41,152,416,6),(41,178,799,7),(42,38,576,1),(42,50,890,2),(42,92,203,4),(42,99,545,9),(42,166,368,2),(42,178,543,3),(42,197,764,10),(44,25,335,5),(44,48,928,3),(44,201,619,3),(45,19,236,9),(45,97,430,8),(45,126,314,1),(46,41,189,9),(46,66,471,1),(46,81,979,4),(46,95,512,1),(46,98,843,9),(46,138,966,7),(46,161,370,6),(46,174,605,9),(47,46,363,3),(47,68,411,2),(47,95,120,1),(47,98,897,4),(47,162,629,5),(47,188,422,6),(47,202,333,5),(48,163,988,10),(48,197,420,7),(49,65,805,9),(50,4,605,8),(50,45,529,2),(50,65,883,5),(50,86,498,7),(50,130,392,5),(50,133,660,4),(50,199,348,10),(51,92,946,6),(52,1,592,5),(52,4,744,9),(52,26,145,1),(52,157,361,9),(52,175,435,6),(53,71,160,1),(53,86,445,2),(53,99,299,4),(53,139,338,3),(53,141,915,6),(53,151,628,10),(53,162,621,4),(53,202,500,5),(54,14,655,4),(54,26,619,9),(54,29,332,1),(54,35,904,5),(54,77,417,1),(54,81,534,2),(54,185,834,6),(54,187,516,4),(55,22,691,10),(55,25,212,10),(55,30,957,6),(55,48,970,6),(55,54,693,3),(55,74,766,5),(55,89,291,5),(55,90,919,9),(55,98,720,8),(55,169,610,6),(55,181,900,8),(55,183,629,1),(56,20,100,7),(56,24,284,1),(56,25,162,4),(56,30,524,2),(56,95,383,5),(56,129,677,2),(57,7,959,9),(57,29,357,3),(57,45,209,1),(57,54,782,7),(57,135,573,2),(57,155,511,10),(58,5,166,10),(58,19,449,7),(58,40,690,5),(58,43,163,8),(58,73,417,10),(58,92,257,10),(58,116,944,3),(58,118,547,1),(58,194,121,7),(58,200,235,1),(59,92,268,5),(59,126,720,2),(59,175,948,5),(61,16,665,7),(61,57,807,3),(61,58,176,6),(61,153,297,4),(61,154,527,6),(61,194,334,10),(62,2,730,2),(62,17,579,9),(62,69,415,4),(62,147,639,8),(63,54,887,9),(63,65,966,8),(63,73,740,8),(63,126,647,3),(64,33,928,9),(64,61,948,6),(64,101,866,3),(64,131,658,5),(64,161,322,3),(64,190,808,9),(65,43,740,7),(65,75,580,4),(65,94,768,2),(65,136,609,8),(65,147,341,8),(65,158,719,5),(65,177,121,5),(65,202,910,2),(66,13,967,4),(66,59,500,10),(66,99,838,3),(66,111,462,10),(66,169,713,6),(66,178,630,9),(66,180,253,1),(66,188,956,6),(66,200,779,1),(67,98,389,1),(67,140,347,5),(67,180,445,7),(68,71,569,9),(68,89,161,1),(68,103,796,10),(68,164,873,1),(68,172,1000,3),(68,184,748,9),(68,188,532,10),(69,8,341,8),(69,10,786,6),(69,18,717,4),(69,66,668,9),(69,93,128,6),(69,123,697,3),(69,142,792,4),(69,171,986,1),(70,122,508,1),(70,127,476,1),(71,51,311,10),(71,112,705,3),(71,177,254,1),(72,32,265,6),(72,60,107,6),(72,147,282,2),(73,16,822,1),(73,33,387,1),(73,52,918,10),(74,117,307,10),(74,118,490,2),(74,130,273,8),(74,175,797,8),(75,47,512,4),(75,64,425,2),(75,71,481,7),(75,77,883,10),(75,108,212,3),(75,193,237,10),(76,33,739,4),(76,112,255,5),(76,158,743,6),(77,88,545,8),(77,183,213,3),(78,6,315,8),(78,8,391,6),(78,55,917,9),(78,72,720,9),(78,91,569,6),(78,172,730,7),(79,74,210,10),(79,75,301,5),(79,123,373,6),(79,202,658,7),(80,29,414,10),(80,42,770,1),(80,63,194,6),(80,105,477,10),(80,148,193,5),(80,189,292,8),(81,10,257,8),(81,72,549,10),(81,98,335,10),(81,147,753,7),(81,197,554,8),(81,202,200,2),(82,31,425,5),(82,37,604,10),(82,50,608,4),(82,54,852,4),(82,87,197,3),(82,164,611,10),(82,180,988,2),(82,203,294,6),(83,51,620,2),(83,82,585,2),(83,135,770,1),(83,154,244,5),(83,166,331,1),(83,192,930,1),(83,199,715,5),(84,83,267,9),(84,171,546,9),(84,198,814,9),(85,9,443,8),(85,38,189,1),(85,49,304,6),(85,115,773,8),(85,161,840,8),(85,202,241,10),(86,85,271,7),(86,126,649,9),(86,133,274,6),(86,193,580,2),(87,32,250,9),(87,121,958,10),(88,121,828,6),(88,155,370,6),(88,159,910,4),(88,179,233,1),(89,47,537,6),(89,50,943,1),(89,185,646,2),(90,4,889,5),(90,5,600,2),(90,75,440,1),(90,78,926,1),(90,148,392,6),(91,28,901,1),(91,44,839,5),(91,79,209,2),(92,28,581,2),(92,33,459,3),(92,37,901,2),(92,119,167,9),(92,128,477,5),(93,20,968,5),(93,103,934,7),(93,157,507,8),(94,27,756,7),(94,47,835,1),(94,55,321,9),(95,29,733,7),(95,60,196,5),(95,63,263,6),(95,122,989,5),(95,183,946,3),(96,54,338,5),(96,55,962,8),(96,79,510,2),(96,94,802,2),(96,105,653,7),(97,20,996,10),(97,92,189,8),(97,129,430,7),(98,23,445,7),(98,88,986,4),(98,95,944,10),(98,177,534,5),(99,55,628,3),(99,67,703,7),(99,110,116,10),(99,127,522,2),(99,161,573,5),(99,172,865,1),(99,178,974,1),(100,66,894,1),(100,80,121,5),(100,92,461,8),(100,111,620,1),(100,149,135,1),(100,179,103,5),(101,21,410,2),(101,133,986,10);
/*!40000 ALTER TABLE `cart` ENABLE KEYS */;
UNLOCK TABLES;

--
-- Table structure for table `category`
--

DROP TABLE IF EXISTS `category`;
/*!40101 SET @saved_cs_client     = @@character_set_client */;
/*!50503 SET character_set_client = utf8mb4 */;
CREATE TABLE `category` (
  `id` int NOT NULL AUTO_INCREMENT,
  `name` varchar(100) NOT NULL,
  PRIMARY KEY (`id`)
) ENGINE=InnoDB AUTO_INCREMENT=101 DEFAULT CHARSET=utf8mb4 COLLATE=utf8mb4_0900_ai_ci;
/*!40101 SET character_set_client = @saved_cs_client */;

--
-- Dumping data for table `category`
--

LOCK TABLES `category` WRITE;
/*!40000 ALTER TABLE `category` DISABLE KEYS */;
INSERT INTO `category` VALUES (1,'Construction Clean and Final Clean'),(2,'Elevator'),(3,'Fire Sprinkler System'),(4,'Exterior Signage'),(5,'Landscaping & Irrigation'),(6,'Roofing (Asphalt)'),(7,'Temp Fencing, Decorative Fencing and Gates'),(8,'Ornamental Railings'),(9,'Termite Control'),(10,'Prefabricated Aluminum Metal Canopies'),(11,'Overhead Doors'),(12,'Construction Clean and Final Clean'),(13,'Fire Protection'),(14,'RF Shielding'),(15,'Fire Sprinkler System'),(16,'Overhead Doors'),(17,'Framing (Wood)'),(18,'Hard Tile & Stone'),(19,'HVAC'),(20,'Landscaping & Irrigation'),(21,'Drywall & Acoustical (FED)'),(22,'Painting & Vinyl Wall Covering'),(23,'Structural and Misc Steel (Fabrication)'),(24,'Framing (Steel)'),(25,'Exterior Signage'),(26,'Masonry & Precast'),(27,'Framing (Steel)'),(28,'Temp Fencing, Decorative Fencing and Gates'),(29,'Termite Control'),(30,'Structural and Misc Steel (Fabrication)'),(31,'Plumbing & Medical Gas'),(32,'Fire Protection'),(33,'Landscaping & Irrigation'),(34,'Landscaping & Irrigation'),(35,'EIFS'),(36,'Wall Protection'),(37,'Epoxy Flooring'),(38,'Elevator'),(39,'Drywall & Acoustical (MOB)'),(40,'Masonry & Precast'),(41,'Ornamental Railings'),(42,'Marlite Panels (FED)'),(43,'Overhead Doors'),(44,'Prefabricated Aluminum Metal Canopies'),(45,'Structural and Misc Steel (Fabrication)'),(46,'Drywall & Acoustical (MOB)'),(47,'Landscaping & Irrigation'),(48,'Wall Protection'),(49,'Rebar & Wire Mesh Install'),(50,'Drywall & Acoustical (MOB)'),(51,'Drilled Shafts'),(52,'RF Shielding'),(53,'Elevator'),(54,'Electrical'),(55,'Sitework & Site Utilities'),(56,'Doors, Frames & Hardware'),(57,'Drilled Shafts'),(58,'Plumbing & Medical Gas'),(59,'Drilled Shafts'),(60,'Roofing (Asphalt)'),(61,'Waterproofing & Caulking'),(62,'Curb & Gutter'),(63,'Electrical'),(64,'Exterior Signage'),(65,'Framing (Wood)'),(66,'Granite Surfaces'),(67,'EIFS'),(68,'Asphalt Paving'),(69,'Roofing (Metal)'),(70,'Casework'),(71,'Drywall & Acoustical (FED)'),(72,'Soft Flooring and Base'),(73,'Hard Tile & Stone'),(74,'Curb & Gutter'),(75,'Painting & Vinyl Wall Covering'),(76,'Hard Tile & Stone'),(77,'Construction Clean and Final Clean'),(78,'Framing (Steel)'),(79,'Drywall & Acoustical (FED)'),(80,'Sitework & Site Utilities'),(81,'Rebar & Wire Mesh Install'),(82,'Framing (Wood)'),(83,'Asphalt Paving'),(84,'Glass & Glazing'),(85,'Electrical'),(86,'Site Furnishings'),(87,'Asphalt Paving'),(88,'Wall Protection'),(89,'RF Shielding'),(90,'Drilled Shafts'),(91,'Marlite Panels (FED)'),(92,'Landscaping & Irrigation'),(93,'Soft Flooring and Base'),(94,'Doors, Frames & Hardware'),(95,'Ornamental Railings'),(96,'Temp Fencing, Decorative Fencing and Gates'),(97,'Elevator'),(98,'Framing (Wood)'),(99,'Temp Fencing, Decorative Fencing and Gates'),(100,'Drywall & Acoustical (FED)');
/*!40000 ALTER TABLE `category` ENABLE KEYS */;
UNLOCK TABLES;

--
-- Table structure for table `orders`
--

DROP TABLE IF EXISTS `orders`;
/*!40101 SET @saved_cs_client     = @@character_set_client */;
/*!50503 SET character_set_client = utf8mb4 */;
CREATE TABLE `orders` (
  `Id` int NOT NULL AUTO_INCREMENT,
  `total_price` double NOT NULL,
  `status` enum('processing','out_for_delivery','delivered','canceled') NOT NULL DEFAULT 'processing',
  `notes` varchar(200) DEFAULT NULL,
  `created_at` datetime NOT NULL DEFAULT CURRENT_TIMESTAMP,
  `id_user` int DEFAULT NULL,
  `room_no` int DEFAULT NULL,
  PRIMARY KEY (`Id`),
  KEY `id_user` (`id_user`),
  KEY `room_no` (`room_no`),
  CONSTRAINT `orders_ibfk_1` FOREIGN KEY (`id_user`) REFERENCES `user` (`Id`),
  CONSTRAINT `orders_ibfk_2` FOREIGN KEY (`room_no`) REFERENCES `room` (`id`)
) ENGINE=InnoDB AUTO_INCREMENT=204 DEFAULT CHARSET=utf8mb4 COLLATE=utf8mb4_0900_ai_ci;
/*!40101 SET character_set_client = @saved_cs_client */;

--
-- Dumping data for table `orders`
--

LOCK TABLES `orders` WRITE;
/*!40000 ALTER TABLE `orders` DISABLE KEYS */;
INSERT INTO `orders` VALUES (1,699,'processing','-1.00','2022-11-27 00:00:00',57,23),(2,245.42,'processing',',./;\'[]-=','2022-12-10 00:00:00',293,64),(3,465.45,'processing','部落格','2022-12-05 00:00:00',35,138),(4,402.79,'processing','() { _; } >_[$($())] { touch /tmp/blns.shellshock2.fail; }','2022-12-05 00:00:00',293,199),(5,502.72,'processing','␣','2022-11-15 00:00:00',119,60),(6,580.35,'processing','・(￣∀￣)・:*:','2023-01-03 00:00:00',15,11),(7,236.56,'processing','˙ɐnbᴉlɐ ɐuƃɐɯ ǝɹolop ʇǝ ǝɹoqɐl ʇn ʇunpᴉpᴉɔuᴉ ɹodɯǝʇ poɯsnᴉǝ op pǝs \'ʇᴉlǝ ƃuᴉɔsᴉdᴉpɐ ɹnʇǝʇɔǝsuoɔ \'ʇǝɯɐ ʇᴉs ɹolop ɯnsdᴉ ɯǝɹo˥','2023-01-04 00:00:00',155,1),(8,111.13,'processing','__ﾛ(,_,*)','2023-01-02 00:00:00',80,291),(9,719.54,'processing','␣','2022-12-08 00:00:00',208,6),(10,105.32,'processing','? ? ? ? ? ? ? ? ','2022-12-08 00:00:00',113,155),(11,702.72,'processing','​','2023-01-04 00:00:00',160,159),(12,589.07,'processing','(╯°□°）╯︵ ┻━┻)  ','2022-12-17 00:00:00',102,110),(13,839.69,'processing','1E2','2022-12-15 00:00:00',44,30),(14,652.11,'processing','⁰⁴⁵','2023-01-01 00:00:00',28,178),(15,458.87,'processing','999999999999999999999999999999999999999999999999999999999999999999999999999999999999999999999999','2022-12-01 00:00:00',180,150),(16,722.56,'processing','¸˛Ç◊ı˜Â¯˘¿','2022-11-14 00:00:00',118,170),(17,575.81,'processing','åß∂ƒ©˙∆˚¬…æ','2022-12-21 00:00:00',263,297),(18,725.2,'processing','$1.00','2022-11-25 00:00:00',265,114),(19,896.52,'processing','␡','2022-11-13 00:00:00',88,223),(20,907.38,'processing','1/2','2023-01-05 00:00:00',268,234),(21,748.64,'processing','1\'; DROP TABLE users--','2022-11-15 00:00:00',86,131),(22,231.83,'processing','() { 0; }; touch /tmp/blns.shellshock1.fail;','2022-12-24 00:00:00',196,72),(23,337.65,'processing','(╯°□°）╯︵ ┻━┻)  ','2022-12-14 00:00:00',76,65),(24,940.84,'processing','!@#$%^&*()','2022-11-20 00:00:00',90,204),(25,292.9,'processing','() { _; } >_[$($())] { touch /tmp/blns.shellshock2.fail; }','2022-11-30 00:00:00',186,94),(26,263.36,'processing','-1','2022-12-21 00:00:00',228,91),(27,268.84,'processing','\"','2022-11-18 00:00:00',104,218),(28,609.92,'processing',' ','2022-11-17 00:00:00',136,227),(29,160.4,'processing','1/2','2023-01-04 00:00:00',76,52),(30,221.53,'processing','œ∑´®†¥¨ˆøπ“‘','2022-12-06 00:00:00',232,192),(31,743.93,'processing','﻿','2022-11-13 00:00:00',140,154),(32,786.74,'processing','() { _; } >_[$($())] { touch /tmp/blns.shellshock2.fail; }','2022-12-28 00:00:00',79,198),(33,898.22,'processing','__ﾛ(,_,*)','2022-11-08 00:00:00',65,55),(34,850.18,'processing','NIL','2022-11-30 00:00:00',287,262),(35,494.76,'processing','__ﾛ(,_,*)','2022-12-14 00:00:00',303,2),(36,107.9,'processing','1;DROP TABLE users','2023-01-03 00:00:00',201,104),(37,961.65,'processing','和製漢語','2022-12-25 00:00:00',46,47),(38,783.31,'processing','パーティーへ行かないか','2022-11-07 00:00:00',164,150),(39,405.11,'processing',',./;\'[]-=','2023-01-04 00:00:00',217,203),(40,849.65,'processing','(ﾉಥ益ಥ）ﾉ﻿ ┻━┻','2022-12-20 00:00:00',128,8),(41,153.7,'processing','\"','2022-12-25 00:00:00',194,49),(42,210.32,'processing','??','2022-11-23 00:00:00',219,117),(43,299.97,'processing','‪‪test‪','2022-12-17 00:00:00',249,190),(44,568.19,'processing','Z̮̞̠͙͔ͅḀ̗̞͈̻̗Ḷ͙͎̯̹̞͓G̻O̭̗̮','2022-12-24 00:00:00',231,168),(45,466.81,'processing','1E+02','2022-11-07 00:00:00',192,68),(46,407.72,'processing','?','2022-11-10 00:00:00',75,189),(47,505.38,'processing','בְּרֵאשִׁית, בָּרָא אֱלֹהִים, אֵת הַשָּׁמַיִם, וְאֵת הָאָרֶץ','2022-12-25 00:00:00',133,291),(48,258.12,'processing','١٢٣','2022-12-08 00:00:00',159,147),(49,685.8,'processing',' test ','2022-12-31 00:00:00',86,32),(50,182.35,'processing','<svg><script>0<1>alert(\'XSS\')</script>','2022-12-03 00:00:00',250,113),(51,291.06,'processing','‫test‫','2022-12-10 00:00:00',44,152),(52,632.42,'processing','$1.00','2022-11-30 00:00:00',218,297),(53,395.18,'processing','　','2022-12-01 00:00:00',253,126),(54,786.26,'processing','pricing structure','2022-11-18 00:00:00',219,291),(55,504.93,'processing','Optimized','2022-11-22 00:00:00',156,287),(56,832.82,'processing','Stand-alone','2022-12-13 00:00:00',125,154),(57,521.51,'processing','Assimilated','2022-11-27 00:00:00',199,130),(58,809.87,'processing','static','2022-11-08 00:00:00',65,81),(59,748.63,'processing','context-sensitive','2022-12-03 00:00:00',163,290),(60,109.78,'processing','Inverse','2022-12-01 00:00:00',79,235),(61,622.05,'processing','support','2022-11-24 00:00:00',270,2),(62,969.41,'processing','fresh-thinking','2023-01-05 00:00:00',70,179),(63,361.47,'processing','intranet','2022-11-11 00:00:00',98,139),(64,627.02,'processing','logistical','2022-11-16 00:00:00',21,14),(65,349.32,'processing','architecture','2022-12-07 00:00:00',57,200),(66,259.74,'processing','4th generation','2022-12-20 00:00:00',73,270),(67,392.13,'processing','multimedia','2022-11-08 00:00:00',122,234),(68,686.35,'processing','context-sensitive','2022-12-18 00:00:00',135,288),(69,765.61,'processing','asymmetric','2022-11-08 00:00:00',265,223),(70,747.13,'processing','utilisation','2022-11-29 00:00:00',164,228),(71,941.74,'processing','Versatile','2022-12-23 00:00:00',30,168),(72,940.79,'processing','asynchronous','2022-11-18 00:00:00',233,65),(73,300.61,'processing','object-oriented','2023-01-03 00:00:00',228,70),(74,205.99,'processing','installation','2022-12-09 00:00:00',78,22),(75,962.61,'processing','complexity','2022-12-28 00:00:00',246,265),(76,116.05,'processing','4th generation','2022-12-03 00:00:00',89,207),(77,760.43,'processing','actuating','2022-11-10 00:00:00',56,145),(78,507.03,'processing','Assimilated','2022-11-23 00:00:00',143,36),(79,900.4,'processing','optimal','2023-01-03 00:00:00',246,181),(80,882.94,'processing','Up-sized','2022-12-24 00:00:00',171,176),(81,219.56,'processing','exuding','2022-11-20 00:00:00',262,284),(82,550.5,'processing','motivating','2022-11-08 00:00:00',293,12),(83,624.99,'processing','Secured','2022-11-29 00:00:00',63,69),(84,609.07,'processing','groupware','2022-12-02 00:00:00',92,260),(85,718.74,'processing','Reduced','2022-11-15 00:00:00',112,297),(86,379.13,'processing','tertiary','2022-12-16 00:00:00',120,20),(87,801.08,'processing','uniform','2022-12-08 00:00:00',224,136),(88,888.72,'processing','user-facing','2022-11-16 00:00:00',25,146),(89,261.02,'processing','encoding','2022-11-30 00:00:00',168,101),(90,695.99,'processing','multi-state','2022-12-13 00:00:00',34,198),(91,274.3,'processing','Adaptive','2023-01-01 00:00:00',161,113),(92,674.76,'processing','algorithm','2022-12-01 00:00:00',23,141),(93,173.64,'processing','benchmark','2022-12-01 00:00:00',218,132),(94,239.94,'processing','Configurable','2022-12-08 00:00:00',21,236),(95,800.22,'processing','holistic','2022-11-11 00:00:00',301,25),(96,432.66,'processing','uniform','2022-12-08 00:00:00',288,108),(97,188.82,'processing','Enterprise-wide','2022-11-07 00:00:00',129,295),(98,264.97,'processing','6th generation','2022-12-03 00:00:00',46,20),(99,221.44,'processing','Vision-oriented','2022-11-14 00:00:00',175,271),(100,939.16,'processing','Business-focused','2023-01-01 00:00:00',235,136),(101,109.2,'processing','Innovative','2022-12-02 00:00:00',281,300),(102,883.02,'processing','middleware','2022-12-09 00:00:00',151,180),(103,337.2,'processing','Multi-layered','2022-11-27 00:00:00',144,17),(104,248.06,'processing','Re-contextualized','2022-12-17 00:00:00',189,103),(105,253.29,'processing','scalable','2022-11-11 00:00:00',45,121),(106,808.39,'processing','coherent','2023-01-06 00:00:00',224,113),(107,791.06,'processing','Profound','2023-01-06 00:00:00',179,90),(108,481.68,'processing','moratorium','2022-11-16 00:00:00',244,278),(109,758.29,'processing','national','2022-12-23 00:00:00',74,18),(110,696.43,'processing','leading edge','2022-12-24 00:00:00',53,261),(111,271.49,'processing','Reverse-engineered','2022-12-08 00:00:00',237,113),(112,121.87,'processing','definition','2022-12-20 00:00:00',276,125),(113,559.24,'processing','responsive','2022-11-07 00:00:00',93,131),(114,759.99,'processing','bi-directional','2022-11-10 00:00:00',206,4),(115,642,'processing','optimal','2022-11-30 00:00:00',140,118),(116,433.77,'processing','database','2022-11-21 00:00:00',188,193),(117,131.49,'processing','full-range','2022-11-25 00:00:00',308,183),(118,895.28,'processing','structure','2022-12-04 00:00:00',205,64),(119,874.52,'processing','responsive','2022-12-05 00:00:00',288,277),(120,664.71,'processing','standardization','2022-12-13 00:00:00',170,50),(121,594.29,'processing','Customer-focused','2022-11-07 00:00:00',33,66),(122,440.08,'processing','Intuitive','2022-11-25 00:00:00',204,288),(123,742.74,'processing','Versatile','2022-12-22 00:00:00',199,105),(124,276.87,'processing','Advanced','2022-11-16 00:00:00',236,172),(125,388.13,'processing','composite','2022-11-18 00:00:00',47,144),(126,809.8,'processing','pricing structure','2023-01-02 00:00:00',232,299),(127,391.56,'processing','Automated','2022-11-19 00:00:00',131,162),(128,748.17,'processing','website','2022-12-26 00:00:00',248,141),(129,228.52,'processing','Mandatory','2023-01-01 00:00:00',155,258),(130,163.55,'processing','optimal','2022-12-24 00:00:00',25,13),(131,508.68,'processing','Customizable','2023-01-01 00:00:00',297,224),(132,952.66,'processing','circuit','2022-12-22 00:00:00',93,283),(133,223.37,'processing','Seamless','2022-11-17 00:00:00',122,196),(134,207.03,'processing','User-centric','2022-12-18 00:00:00',219,194),(135,681.93,'processing','migration','2022-12-05 00:00:00',134,153),(136,158.54,'processing','non-volatile','2023-01-02 00:00:00',228,293),(137,103.43,'processing','help-desk','2022-11-08 00:00:00',70,166),(138,166.83,'processing','system engine','2022-12-17 00:00:00',262,33),(139,276.9,'processing','coherent','2022-12-12 00:00:00',29,89),(140,784.07,'processing','hub','2022-12-29 00:00:00',274,139),(141,106.47,'processing','challenge','2022-12-13 00:00:00',227,262),(142,372.66,'processing','archive','2022-12-16 00:00:00',150,256),(143,425.23,'processing','fresh-thinking','2022-12-19 00:00:00',196,64),(144,777.37,'processing','throughput','2022-11-14 00:00:00',35,129),(145,162.52,'processing','intangible','2022-11-16 00:00:00',52,181),(146,923.01,'processing','Digitized','2022-11-27 00:00:00',165,85),(147,706.47,'processing','value-added','2022-11-18 00:00:00',128,137),(148,828.42,'processing','Reverse-engineered','2022-12-08 00:00:00',70,40),(149,682.78,'processing','Virtual','2022-12-28 00:00:00',92,132),(150,137.96,'processing','Right-sized','2022-11-23 00:00:00',158,176),(151,235.13,'processing','Self-enabling','2022-12-18 00:00:00',93,117),(152,250.74,'processing','orchestration','2022-12-17 00:00:00',209,44),(153,412.48,'processing','Enterprise-wide','2023-01-04 00:00:00',255,271),(154,743,'processing','Open-source','2022-12-20 00:00:00',132,201),(155,888.72,'processing','motivating','2023-01-01 00:00:00',50,181),(156,310.7,'processing','extranet','2022-11-20 00:00:00',220,91),(157,903.29,'processing','content-based','2023-01-05 00:00:00',92,111),(158,281.07,'processing','challenge','2022-12-25 00:00:00',71,85),(159,604.25,'processing','internet solution','2022-11-09 00:00:00',203,26),(160,875.15,'processing','exuding','2022-12-27 00:00:00',53,261),(161,914.02,'processing','client-driven','2022-12-23 00:00:00',301,11),(162,122.52,'processing','Synchronised','2022-11-16 00:00:00',289,150),(163,192.87,'processing','responsive','2022-11-23 00:00:00',170,148),(164,703.77,'processing','systemic','2022-12-21 00:00:00',137,55),(165,451.23,'processing','background','2023-01-06 00:00:00',256,96),(166,146.32,'processing','dedicated','2022-11-25 00:00:00',282,31),(167,554.89,'processing','hybrid','2022-12-24 00:00:00',197,52),(168,794.4,'processing','contingency','2022-11-25 00:00:00',79,160),(169,306.55,'processing','6th generation','2022-12-19 00:00:00',64,177),(170,157.96,'processing','Synergized','2022-11-10 00:00:00',228,216),(171,207.06,'processing','Programmable','2022-11-08 00:00:00',163,19),(172,666.72,'processing','Exclusive','2022-12-22 00:00:00',270,153),(173,314.3,'processing','pricing structure','2022-12-09 00:00:00',165,291),(174,949.59,'processing','flexibility','2022-12-18 00:00:00',59,22),(175,374.02,'processing','Front-line','2022-12-30 00:00:00',201,64),(176,287.94,'processing','Programmable','2022-11-10 00:00:00',297,9),(177,553.73,'processing','optimizing','2022-12-14 00:00:00',89,190),(178,421.22,'processing','bottom-line','2022-12-30 00:00:00',53,143),(179,830.13,'processing','functionalities','2022-12-13 00:00:00',141,104),(180,681.05,'processing','array','2022-12-17 00:00:00',38,73),(181,523.89,'processing','contingency','2022-11-07 00:00:00',304,105),(182,793.03,'processing','Robust','2023-01-04 00:00:00',165,193),(183,176.25,'processing','mobile','2022-12-26 00:00:00',144,95),(184,612.54,'processing','definition','2022-12-20 00:00:00',144,82),(185,675.93,'processing','Managed','2022-11-09 00:00:00',253,13),(186,809.78,'processing','intangible','2022-12-18 00:00:00',196,69),(187,544.48,'processing','project','2022-11-14 00:00:00',98,134),(188,242.94,'processing','migration','2022-12-30 00:00:00',302,38),(189,817.9,'processing','moderator','2022-11-25 00:00:00',308,94),(190,358.18,'processing','monitoring','2022-11-15 00:00:00',247,77),(191,767.64,'processing','Assimilated','2022-11-16 00:00:00',94,46),(192,552.77,'processing','access','2022-12-14 00:00:00',81,220),(193,974.61,'processing','Visionary','2022-12-09 00:00:00',294,236),(194,506,'processing','holistic','2022-12-09 00:00:00',15,165),(195,854.49,'processing','fresh-thinking','2022-12-23 00:00:00',308,213),(196,500.87,'processing','Stand-alone','2023-01-04 00:00:00',25,281),(197,860.97,'processing','regional','2022-12-27 00:00:00',87,235),(198,653.01,'processing','3rd generation','2022-12-17 00:00:00',30,82),(199,799.56,'processing','capability','2022-12-13 00:00:00',135,209),(200,695.59,'processing','Public-key','2022-11-27 00:00:00',232,102),(201,341.41,'processing','context-sensitive','2022-12-02 00:00:00',287,295),(202,548.64,'processing','Optimized','2022-12-14 00:00:00',293,85),(203,174.01,'processing','initiative','2022-11-23 00:00:00',223,229);
/*!40000 ALTER TABLE `orders` ENABLE KEYS */;
UNLOCK TABLES;

--
-- Table structure for table `product`
--

DROP TABLE IF EXISTS `product`;
/*!40101 SET @saved_cs_client     = @@character_set_client */;
/*!50503 SET character_set_client = utf8mb4 */;
CREATE TABLE `product` (
  `Id` int NOT NULL AUTO_INCREMENT,
  `name` varchar(100) NOT NULL,
  `price` double NOT NULL,
  `quntity` int DEFAULT NULL,
  `imagePath` varchar(500) DEFAULT NULL,
  `status` enum('avilable','unavelable') NOT NULL DEFAULT 'avilable',
  `category_id` int DEFAULT NULL,
  PRIMARY KEY (`Id`),
  KEY `category_id` (`category_id`),
  CONSTRAINT `product_ibfk_1` FOREIGN KEY (`category_id`) REFERENCES `category` (`id`),
  CONSTRAINT `product_ibfk_2` FOREIGN KEY (`category_id`) REFERENCES `category` (`id`) ON DELETE SET NULL,
  CONSTRAINT `product_ibfk_3` FOREIGN KEY (`category_id`) REFERENCES `category` (`id`)
) ENGINE=InnoDB AUTO_INCREMENT=102 DEFAULT CHARSET=utf8mb4 COLLATE=utf8mb4_0900_ai_ci;
/*!40101 SET character_set_client = @saved_cs_client */;

--
-- Dumping data for table `product`
--

LOCK TABLES `product` WRITE;
/*!40000 ALTER TABLE `product` DISABLE KEYS */;
INSERT INTO `product` VALUES (1,'Lamb Rack Frenched Australian',6740,1500,'./img/product_Images/1.jpg','avilable',67),(2,'Lamb Rack Frenched Australian',6740,1500,'./img/product_Images/1.jpg','avilable',67),(3,'Mushroom - Chantrelle, Fresh',97527,128,'./img/product_Images/1.jpg','avilable',63),(4,'Coconut - Shredded, Unsweet',9203,13,'./img/product_Images/1.jpg','avilable',79),(5,'Sauce - Hollandaise',828,620,'./img/product_Images/1.jpg','avilable',44),(6,'Soy Protein',9551,NULL,'./img/product_Images/1.jpg','avilable',64),(7,'Rice Pilaf, Dry,package',3384,1043,'./img/product_Images/1.jpg','avilable',24),(8,'Mushroom - Enoki, Fresh',72673,299,'./img/product_Images/1.jpg','avilable',84),(9,'Chips - Doritos',399,2891,'./img/product_Images/1.jpg','avilable',34),(10,'Tomatoes - Hot House',361,835,'./img/product_Images/1.jpg','avilable',63),(11,'Beans - Soya Bean',404,22,'./img/product_Images/1.jpg','avilable',55),(12,'V8 Splash Strawberry Kiwi',675,633,'./img/product_Images/1.jpg','avilable',32),(13,'Limes',996,663,'./img/product_Images/1.jpg','avilable',81),(14,'Mushrooms - Black, Dried',5845,197,'./img/product_Images/1.jpg','avilable',76),(15,'Pork - Shoulder',1817,350,'./img/product_Images/1.jpg','avilable',53),(16,'Rice - Sushi',76449,163,'./img/product_Images/1.jpg','avilable',91),(17,'Ocean Spray - Kiwi Strawberry',4652,443,'./img/product_Images/1.jpg','avilable',70),(18,'Uniform Linen Charge',0,609,'./img/product_Images/1.jpg','avilable',9),(19,'Scallops - 20/30',1,900,'./img/product_Images/1.jpg','avilable',30),(20,'Almonds Ground Blanched',3,454,'./img/product_Images/1.jpg','avilable',37),(21,'Pop - Club Soda Can',3438,788,'./img/product_Images/1.jpg','avilable',9),(22,'Shrimp - Black Tiger 8 - 12',6,490,'./img/product_Images/1.jpg','avilable',41),(23,'Tea - Grapefruit Green Tea',28849,1195,'./img/product_Images/1.jpg','avilable',21),(24,'Beef Wellington',464,905,'./img/product_Images/1.jpg','avilable',50),(25,'Tomato Puree',9210,148,'./img/product_Images/1.jpg','avilable',19),(26,'Wine - Winzer Krems Gruner',8,78,'./img/product_Images/1.jpg','avilable',30),(27,'Schnappes Peppermint - Walker',6,2231,'./img/product_Images/1.jpg','avilable',43),(28,'Leeks - Large',8,618,'./img/product_Images/1.jpg','avilable',98),(29,'Beef - Shank',3973,29,'./img/product_Images/1.jpg','avilable',9),(30,'Gherkin - Sour',5900,13,'./img/product_Images/1.jpg','avilable',76),(31,'Tart - Pecan Butter Squares',350,629,'./img/product_Images/1.jpg','avilable',1),(32,'Wine - Lou Black Shiraz',44471,3100,'./img/product_Images/1.jpg','avilable',3),(33,'Miso Paste White',78889,3903,'./img/product_Images/1.jpg','avilable',65),(34,'Doilies - 5, Paper',531,46,'./img/product_Images/1.jpg','avilable',27),(35,'Gherkin',13416,5610,'./img/product_Images/1.jpg','avilable',36),(36,'Lamb Leg - Bone - In Nz',438,1877,'./img/product_Images/1.jpg','avilable',68),(37,'Tuna - Fresh',8695,2215,'./img/product_Images/1.jpg','avilable',14),(38,'Maple Syrup',34815,296,'./img/product_Images/1.jpg','avilable',21),(39,'Macaroons - Two Bite Choc',6297,870,'./img/product_Images/1.jpg','avilable',98),(40,'Mushrooms - Black, Dried',67,125,'./img/product_Images/1.jpg','avilable',90),(41,'Cheese - Gorgonzola',44525,89,'./img/product_Images/1.jpg','avilable',43),(42,'Ginger - Fresh',4,4234,'./img/product_Images/1.jpg','avilable',19),(43,'Tart Shells - Sweet, 3',8327,369,'./img/product_Images/1.jpg','avilable',21),(44,'Carbonated Water - Raspberry',1527,252,'./img/product_Images/1.jpg','avilable',86),(45,'Nescafe - Frothy French Vanilla',194,2766,'./img/product_Images/1.jpg','avilable',65),(46,'Rabbit - Legs',783,75,'./img/product_Images/1.jpg','avilable',3),(47,'Orange - Tangerine',394,2529,'./img/product_Images/1.jpg','avilable',48),(48,'Oil - Sunflower',724,2211,'./img/product_Images/1.jpg','avilable',46),(49,'Juice - Apple, 500 Ml',814,39,'./img/product_Images/1.jpg','avilable',96),(50,'Berry Brulee',75388,3931,'./img/product_Images/1.jpg','avilable',58),(51,'Filo Dough',86,110,'./img/product_Images/1.jpg','avilable',93),(52,'Wine - Crozes Hermitage E.',9,173,'./img/product_Images/1.jpg','avilable',8),(53,'Compound - Raspberry',6356,965,'./img/product_Images/1.jpg','avilable',53),(54,'Oil - Coconut',1,2756,'./img/product_Images/1.jpg','avilable',18),(55,'Vodka - Smirnoff',54156,492,'./img/product_Images/1.jpg','avilable',55),(56,'Orange - Blood',0,1853,'./img/product_Images/1.jpg','avilable',13),(57,'Mushroom - Morels, Dry',41925,92,'./img/product_Images/1.jpg','avilable',29),(58,'Plasticknivesblack',8,5192,'./img/product_Images/1.jpg','avilable',75),(59,'Haggis',0,2588,'./img/product_Images/1.jpg','avilable',49),(60,'Pie Shells 10',548,2500,'./img/product_Images/1.jpg','avilable',28),(61,'Beef Flat Iron Steak',556,27,'./img/product_Images/1.jpg','avilable',45),(62,'Sausage - Blood Pudding',7636,4529,'./img/product_Images/1.jpg','avilable',44),(63,'Pastry - Lemon Danish - Mini',325,253,'./img/product_Images/1.jpg','avilable',58),(64,'Lamb - Shoulder, Boneless',3172,95,'./img/product_Images/1.jpg','avilable',36),(65,'Appetizer - Sausage Rolls',178,NULL,'./img/product_Images/1.jpg','avilable',15),(66,'Pork - Backs - Boneless',77,192,'./img/product_Images/1.jpg','avilable',41),(67,'Instant Coffee',50,966,'./img/product_Images/1.jpg','avilable',66),(68,'Berry Brulee',260,7200,'./img/product_Images/1.jpg','avilable',27),(69,'Muffin Hinge - 211n',6751,37,'./img/product_Images/1.jpg','avilable',49),(70,'Cheese - Cream Cheese',45,1767,'./img/product_Images/1.jpg','avilable',90),(71,'Coffee Decaf Colombian',5610,230,'./img/product_Images/1.jpg','avilable',5),(72,'Table Cloth 120 Round White',130,1084,'./img/product_Images/1.jpg','avilable',79),(73,'Sugar - Cubes',644,544,'./img/product_Images/1.jpg','avilable',63),(74,'Garam Masala Powder',51,18,'./img/product_Images/1.jpg','avilable',56),(75,'Tomatoes - Plum, Canned',1,5627,'./img/product_Images/1.jpg','avilable',95),(76,'Pasta - Fettuccine, Dry',32,1799,'./img/product_Images/1.jpg','avilable',24),(77,'Containter - 3oz Microwave Rect.',16676,NULL,'./img/product_Images/1.jpg','avilable',82),(78,'Snapple Raspberry Tea',280,4326,'./img/product_Images/1.jpg','avilable',27),(79,'Ecolab - Orange Frc, Cleaner',4,1982,'./img/product_Images/1.jpg','avilable',50),(80,'Creme De Cacao White',9344,1968,'./img/product_Images/1.jpg','avilable',6),(81,'Irish Cream - Baileys',60648,350,'./img/product_Images/1.jpg','avilable',35),(82,'Beer - Sleemans Cream Ale',4284,325,'./img/product_Images/1.jpg','avilable',24),(83,'Beans - Kidney, Canned',9,2073,'./img/product_Images/1.jpg','avilable',67),(84,'Pepper - White, Whole',41145,577,'./img/product_Images/1.jpg','avilable',27),(85,'Table Cloth 62x120 Colour',1,48,'./img/product_Images/1.jpg','avilable',47),(86,'Wine - Ruffino Chianti',635,459,'./img/product_Images/1.jpg','avilable',57),(87,'Puree - Raspberry',5248,1509,'./img/product_Images/1.jpg','avilable',61),(88,'Cheese - Comte',6,1072,'./img/product_Images/1.jpg','avilable',38),(89,'Saskatoon Berries - Frozen',4,1610,'./img/product_Images/1.jpg','avilable',30),(90,'Island Oasis - Magarita Mix',1,16,'./img/product_Images/1.jpg','avilable',67),(91,'Sunflower Seed Raw',98032,0,'./img/product_Images/1.jpg','avilable',87),(92,'Coffee - Decaffeinato Coffee',4202,5200,'./img/product_Images/1.jpg','avilable',57),(93,'Wine - Fat Bastard Merlot',7,16,'./img/product_Images/1.jpg','avilable',59),(94,'Pasta - Ravioli',23,2551,'./img/product_Images/1.jpg','avilable',90),(95,'Tomato Puree',3,14472,'./img/product_Images/1.jpg','avilable',89),(96,'Juice - V8, Tomato',62,228,'./img/product_Images/1.jpg','avilable',41),(97,'Veal - Leg, Provimi - 50 Lb Max',691,135,'./img/product_Images/1.jpg','avilable',44),(98,'Mustard - Dijon',2,NULL,'./img/product_Images/1.jpg','avilable',65),(99,'Sauce - Oyster',93,889,'./img/product_Images/1.jpg','avilable',74),(100,'Tea - Decaf Lipton',7,0,'./img/product_Images/1.jpg','avilable',92),(101,'Wine - Placido Pinot Grigo',7,59,'./img/product_Images/1.jpg','avilable',48);
/*!40000 ALTER TABLE `product` ENABLE KEYS */;
UNLOCK TABLES;

--
-- Table structure for table `room`
--

DROP TABLE IF EXISTS `room`;
/*!40101 SET @saved_cs_client     = @@character_set_client */;
/*!50503 SET character_set_client = utf8mb4 */;
CREATE TABLE `room` (
  `id` int NOT NULL AUTO_INCREMENT,
  `description` text,
  PRIMARY KEY (`id`)
) ENGINE=InnoDB AUTO_INCREMENT=401 DEFAULT CHARSET=utf8mb4 COLLATE=utf8mb4_0900_ai_ci;
/*!40101 SET character_set_client = @saved_cs_client */;

--
-- Dumping data for table `room`
--

LOCK TABLES `room` WRITE;
/*!40000 ALTER TABLE `room` DISABLE KEYS */;
INSERT INTO `room` VALUES (1,'aggregate customized schemas'),(2,'integrate granular experiences'),(3,'drive sexy infrastructures'),(4,'envisioneer mission-critical users'),(5,'empower 24/7 e-commerce'),(6,'envisioneer B2C architectures'),(7,'evolve clicks-and-mortar platforms'),(8,'scale bricks-and-clicks paradigms'),(9,'orchestrate 24/365 schemas'),(10,'leverage customized methodologies'),(11,'benchmark world-class communities'),(12,'evolve web-enabled solutions'),(13,'synthesize integrated portals'),(14,'strategize cutting-edge niches'),(15,'streamline next-generation ROI'),(16,'productize bricks-and-clicks portals'),(17,'harness bleeding-edge schemas'),(18,'cultivate end-to-end convergence'),(19,'envisioneer holistic infomediaries'),(20,'monetize synergistic models'),(21,'optimize extensible markets'),(22,'target value-added e-business'),(23,'exploit back-end communities'),(24,'expedite robust markets'),(25,'target leading-edge e-commerce'),(26,'reinvent holistic e-markets'),(27,'evolve granular infomediaries'),(28,'implement killer e-services'),(29,'utilize robust web services'),(30,'empower end-to-end markets'),(31,'enable best-of-breed e-markets'),(32,'recontextualize wireless initiatives'),(33,'leverage end-to-end initiatives'),(34,'visualize clicks-and-mortar schemas'),(35,'seize innovative metrics'),(36,'optimize compelling schemas'),(37,'engage viral convergence'),(38,'cultivate e-business schemas'),(39,'mesh world-class e-services'),(40,'harness out-of-the-box vortals'),(41,'revolutionize extensible platforms'),(42,'aggregate visionary channels'),(43,'repurpose front-end channels'),(44,'unleash dynamic web-readiness'),(45,'monetize cutting-edge niches'),(46,'innovate robust interfaces'),(47,'orchestrate synergistic e-tailers'),(48,'generate cross-platform deliverables'),(49,'synthesize plug-and-play e-services'),(50,'engage world-class systems'),(51,'syndicate cross-media web services'),(52,'maximize cross-platform applications'),(53,'matrix collaborative e-business'),(54,'redefine ubiquitous networks'),(55,'aggregate sexy infrastructures'),(56,'exploit clicks-and-mortar convergence'),(57,'optimize next-generation bandwidth'),(58,'synthesize frictionless functionalities'),(59,'transform back-end systems'),(60,'implement proactive supply-chains'),(61,'architect turn-key partnerships'),(62,'innovate one-to-one web-readiness'),(63,'incubate mission-critical users'),(64,'deploy holistic systems'),(65,'orchestrate value-added interfaces'),(66,'architect dot-com e-services'),(67,'engineer plug-and-play architectures'),(68,'matrix bleeding-edge architectures'),(69,'innovate viral synergies'),(70,'transition world-class e-services'),(71,'visualize granular e-tailers'),(72,'redefine plug-and-play technologies'),(73,'empower collaborative supply-chains'),(74,'seize interactive solutions'),(75,'embrace dynamic portals'),(76,'empower out-of-the-box infrastructures'),(77,'matrix dynamic markets'),(78,'embrace one-to-one applications'),(79,'morph value-added deliverables'),(80,'e-enable bleeding-edge bandwidth'),(81,'grow e-business users'),(82,'drive vertical e-commerce'),(83,'optimize extensible vortals'),(84,'brand bricks-and-clicks e-business'),(85,'incubate dot-com supply-chains'),(86,'architect bleeding-edge architectures'),(87,'implement impactful applications'),(88,'transition distributed eyeballs'),(89,'empower seamless action-items'),(90,'revolutionize cutting-edge e-markets'),(91,'monetize collaborative convergence'),(92,'engage impactful applications'),(93,'empower end-to-end e-tailers'),(94,'deliver leading-edge mindshare'),(95,'repurpose B2B convergence'),(96,'matrix holistic technologies'),(97,'target out-of-the-box deliverables'),(98,'expedite user-centric eyeballs'),(99,'empower revolutionary vortals'),(100,'synergize extensible bandwidth'),(101,'maximize interactive initiatives'),(102,'scale scalable vortals'),(103,'leverage B2B content'),(104,'productize web-enabled deliverables'),(105,'disintermediate scalable e-business'),(106,'cultivate revolutionary schemas'),(107,'transition global vortals'),(108,'grow distributed infomediaries'),(109,'benchmark plug-and-play supply-chains'),(110,'deploy compelling e-services'),(111,'redefine integrated solutions'),(112,'enhance sexy markets'),(113,'whiteboard e-business niches'),(114,'strategize sexy action-items'),(115,'grow frictionless networks'),(116,'implement enterprise e-markets'),(117,'leverage e-business platforms'),(118,'harness ubiquitous metrics'),(119,'engage end-to-end methodologies'),(120,'matrix best-of-breed interfaces'),(121,'streamline best-of-breed web-readiness'),(122,'extend sticky vortals'),(123,'whiteboard 24/365 initiatives'),(124,'incentivize frictionless action-items'),(125,'aggregate viral architectures'),(126,'mesh revolutionary niches'),(127,'target cross-media relationships'),(128,'incubate dynamic vortals'),(129,'utilize plug-and-play infomediaries'),(130,'deploy user-centric e-commerce'),(131,'recontextualize distributed networks'),(132,'empower seamless experiences'),(133,'synergize global networks'),(134,'implement impactful interfaces'),(135,'incentivize collaborative action-items'),(136,'deliver robust users'),(137,'envisioneer vertical paradigms'),(138,'deliver global schemas'),(139,'engage vertical e-commerce'),(140,'engineer sticky content'),(141,'maximize cross-platform channels'),(142,'generate innovative users'),(143,'empower innovative networks'),(144,'engineer extensible portals'),(145,'evolve proactive deliverables'),(146,'synthesize end-to-end applications'),(147,'transform synergistic applications'),(148,'unleash efficient communities'),(149,'target collaborative synergies'),(150,'deliver distributed action-items'),(151,'disintermediate plug-and-play experiences'),(152,'redefine out-of-the-box architectures'),(153,'utilize wireless initiatives'),(154,'cultivate proactive schemas'),(155,'matrix e-business action-items'),(156,'grow next-generation users'),(157,'implement 24/7 e-tailers'),(158,'harness bricks-and-clicks paradigms'),(159,'revolutionize viral schemas'),(160,'brand cutting-edge infomediaries'),(161,'recontextualize seamless vortals'),(162,'cultivate sexy schemas'),(163,'extend 24/365 convergence'),(164,'implement scalable mindshare'),(165,'visualize plug-and-play eyeballs'),(166,'architect bricks-and-clicks channels'),(167,'innovate virtual web-readiness'),(168,'enhance cross-platform experiences'),(169,'synthesize best-of-breed niches'),(170,'productize compelling portals'),(171,'transition bleeding-edge networks'),(172,'reintermediate integrated infomediaries'),(173,'morph global systems'),(174,'generate virtual ROI'),(175,'streamline best-of-breed communities'),(176,'expedite one-to-one methodologies'),(177,'integrate user-centric e-commerce'),(178,'deploy one-to-one solutions'),(179,'transition viral users'),(180,'target seamless platforms'),(181,'aggregate visionary methodologies'),(182,'orchestrate synergistic partnerships'),(183,'reintermediate front-end markets'),(184,'whiteboard real-time experiences'),(185,'grow distributed supply-chains'),(186,'envisioneer customized infrastructures'),(187,'leverage revolutionary architectures'),(188,'disintermediate innovative content'),(189,'extend clicks-and-mortar e-business'),(190,'strategize wireless deliverables'),(191,'expedite strategic e-markets'),(192,'facilitate impactful web-readiness'),(193,'whiteboard proactive e-commerce'),(194,'integrate visionary synergies'),(195,'recontextualize impactful e-markets'),(196,'exploit killer metrics'),(197,'mesh frictionless users'),(198,'enhance revolutionary users'),(199,'grow world-class methodologies'),(200,'empower next-generation e-business'),(201,'deploy mission-critical relationships'),(202,'e-enable user-centric markets'),(203,'repurpose 24/7 action-items'),(204,'reinvent bricks-and-clicks supply-chains'),(205,'envisioneer granular ROI'),(206,'benchmark magnetic content'),(207,'aggregate world-class communities'),(208,'productize killer paradigms'),(209,'incentivize customized e-services'),(210,'implement back-end ROI'),(211,'monetize cross-media synergies'),(212,'unleash cross-media infomediaries'),(213,'enhance real-time models'),(214,'deploy mission-critical e-commerce'),(215,'transition innovative action-items'),(216,'incubate visionary markets'),(217,'transition mission-critical content'),(218,'evolve user-centric infrastructures'),(219,'revolutionize B2B action-items'),(220,'seize intuitive methodologies'),(221,'integrate mission-critical mindshare'),(222,'engineer proactive deliverables'),(223,'transform dynamic niches'),(224,'cultivate ubiquitous systems'),(225,'incentivize extensible niches'),(226,'scale granular e-tailers'),(227,'evolve interactive solutions'),(228,'cultivate enterprise supply-chains'),(229,'envisioneer strategic users'),(230,'implement viral architectures'),(231,'engage B2C channels'),(232,'transform web-enabled vortals'),(233,'syndicate robust functionalities'),(234,'leverage transparent mindshare'),(235,'evolve seamless methodologies'),(236,'innovate global e-tailers'),(237,'mesh viral channels'),(238,'maximize dot-com schemas'),(239,'engage holistic systems'),(240,'incubate world-class initiatives'),(241,'disintermediate next-generation e-tailers'),(242,'mesh granular applications'),(243,'cultivate ubiquitous web services'),(244,'monetize rich synergies'),(245,'synergize virtual metrics'),(246,'harness bricks-and-clicks initiatives'),(247,'implement intuitive metrics'),(248,'strategize plug-and-play infrastructures'),(249,'morph transparent infomediaries'),(250,'visualize customized initiatives'),(251,'embrace cutting-edge web services'),(252,'reinvent B2B infomediaries'),(253,'repurpose e-business networks'),(254,'empower plug-and-play e-commerce'),(255,'mesh revolutionary networks'),(256,'whiteboard scalable bandwidth'),(257,'mesh granular architectures'),(258,'transform compelling systems'),(259,'whiteboard sticky e-markets'),(260,'evolve intuitive applications'),(261,'harness cross-media platforms'),(262,'matrix robust e-tailers'),(263,'harness bleeding-edge e-business'),(264,'engineer seamless web services'),(265,'embrace one-to-one channels'),(266,'incentivize integrated experiences'),(267,'syndicate revolutionary interfaces'),(268,'embrace plug-and-play communities'),(269,'engineer front-end eyeballs'),(270,'incentivize visionary technologies'),(271,'synthesize customized content'),(272,'target B2C platforms'),(273,'scale B2C e-markets'),(274,'architect best-of-breed ROI'),(275,'whiteboard sticky supply-chains'),(276,'integrate world-class partnerships'),(277,'grow synergistic interfaces'),(278,'target visionary e-business'),(279,'synergize e-business action-items'),(280,'iterate mission-critical schemas'),(281,'enable efficient architectures'),(282,'implement seamless niches'),(283,'productize killer e-tailers'),(284,'synthesize collaborative functionalities'),(285,'orchestrate bricks-and-clicks technologies'),(286,'deploy clicks-and-mortar action-items'),(287,'deploy enterprise markets'),(288,'productize viral infomediaries'),(289,'extend innovative e-commerce'),(290,'reintermediate frictionless content'),(291,'iterate holistic schemas'),(292,'empower holistic ROI'),(293,'synergize transparent niches'),(294,'deliver killer supply-chains'),(295,'envisioneer open-source web-readiness'),(296,'productize integrated e-markets'),(297,'visualize extensible platforms'),(298,'transition next-generation schemas'),(299,'whiteboard vertical niches'),(300,'transition 24/365 markets'),(301,'productize e-business e-services'),(302,'matrix value-added e-services'),(303,'synergize seamless ROI'),(304,'transition impactful e-tailers'),(305,'e-enable impactful experiences'),(306,'productize B2C e-business'),(307,'grow intuitive synergies'),(308,'recontextualize synergistic web services'),(309,'innovate back-end infrastructures'),(310,'deploy out-of-the-box infrastructures'),(311,'harness 24/7 niches'),(312,'deliver 24/7 metrics'),(313,'harness granular relationships'),(314,'cultivate wireless interfaces'),(315,'brand magnetic users'),(316,'syndicate dynamic methodologies'),(317,'mesh killer infrastructures'),(318,'evolve out-of-the-box platforms'),(319,'productize value-added web-readiness'),(320,'grow user-centric metrics'),(321,'visualize B2B interfaces'),(322,'deploy transparent action-items'),(323,'harness revolutionary markets'),(324,'drive holistic platforms'),(325,'syndicate dot-com mindshare'),(326,'matrix best-of-breed infomediaries'),(327,'transform e-business applications'),(328,'brand leading-edge e-markets'),(329,'deliver customized markets'),(330,'strategize frictionless technologies'),(331,'matrix intuitive deliverables'),(332,'brand enterprise e-markets'),(333,'evolve efficient mindshare'),(334,'unleash dynamic ROI'),(335,'monetize robust interfaces'),(336,'seize robust schemas'),(337,'target web-enabled networks'),(338,'enhance scalable paradigms'),(339,'maximize end-to-end networks'),(340,'morph bleeding-edge communities'),(341,'architect one-to-one web-readiness'),(342,'brand 24/365 platforms'),(343,'monetize collaborative e-services'),(344,'e-enable web-enabled e-services'),(345,'incentivize world-class users'),(346,'strategize integrated schemas'),(347,'transition next-generation synergies'),(348,'enable integrated portals'),(349,'brand compelling action-items'),(350,'unleash robust content'),(351,'scale leading-edge convergence'),(352,'generate out-of-the-box deliverables'),(353,'redefine value-added architectures'),(354,'transform B2B solutions'),(355,'innovate rich platforms'),(356,'utilize scalable partnerships'),(357,'target out-of-the-box infrastructures'),(358,'recontextualize transparent functionalities'),(359,'synthesize bleeding-edge e-services'),(360,'utilize magnetic paradigms'),(361,'enable impactful applications'),(362,'engineer leading-edge convergence'),(363,'synergize e-business functionalities'),(364,'scale B2B technologies'),(365,'optimize cutting-edge web-readiness'),(366,'mesh best-of-breed networks'),(367,'aggregate end-to-end e-markets'),(368,'productize robust infrastructures'),(369,'integrate proactive supply-chains'),(370,'drive magnetic communities'),(371,'maximize cross-platform web services'),(372,'benchmark customized users'),(373,'morph sticky action-items'),(374,'innovate synergistic mindshare'),(375,'enhance proactive applications'),(376,'harness proactive deliverables'),(377,'reintermediate synergistic niches'),(378,'utilize viral convergence'),(379,'deploy user-centric e-tailers'),(380,'cultivate viral vortals'),(381,'implement integrated interfaces'),(382,'syndicate ubiquitous interfaces'),(383,'streamline plug-and-play convergence'),(384,'redefine granular e-commerce'),(385,'streamline out-of-the-box e-services'),(386,'repurpose strategic functionalities'),(387,'empower one-to-one architectures'),(388,'evolve open-source channels'),(389,'mesh intuitive architectures'),(390,'evolve innovative schemas'),(391,'benchmark intuitive supply-chains'),(392,'recontextualize dynamic solutions'),(393,'optimize next-generation eyeballs'),(394,'reintermediate compelling partnerships'),(395,'expedite viral mindshare'),(396,'benchmark front-end web-readiness'),(397,'synthesize vertical portals'),(398,'implement dot-com communities'),(399,'transform strategic e-commerce'),(400,'expedite seamless platforms');
/*!40000 ALTER TABLE `room` ENABLE KEYS */;
UNLOCK TABLES;

--
-- Table structure for table `user`
--

DROP TABLE IF EXISTS `user`;
/*!40101 SET @saved_cs_client     = @@character_set_client */;
/*!50503 SET character_set_client = utf8mb4 */;
CREATE TABLE `user` (
  `Id` int NOT NULL AUTO_INCREMENT,
  `name` varchar(100) NOT NULL,
  `email` varchar(200) NOT NULL,
  `password` varchar(100) NOT NULL,
  `imgPath` varchar(500) DEFAULT './img/user_Images/1.jpg',
  `roomNumber` int DEFAULT NULL,
  `created_By_Admin` int DEFAULT NULL,
  PRIMARY KEY (`Id`),
  UNIQUE KEY `email` (`email`),
  KEY `roomNumber` (`roomNumber`),
  KEY `created_By_Admin` (`created_By_Admin`),
  CONSTRAINT `user_ibfk_1` FOREIGN KEY (`roomNumber`) REFERENCES `room` (`id`),
  CONSTRAINT `user_ibfk_2` FOREIGN KEY (`created_By_Admin`) REFERENCES `admin` (`Id`)
) ENGINE=InnoDB AUTO_INCREMENT=311 DEFAULT CHARSET=utf8mb4 COLLATE=utf8mb4_0900_ai_ci;
/*!40101 SET character_set_client = @saved_cs_client */;

--
-- Dumping data for table `user`
--

LOCK TABLES `user` WRITE;
/*!40000 ALTER TABLE `user` DISABLE KEYS */;
INSERT INTO `user` VALUES (11,'Bowles','dbowles0@google.com.hk','VUGZxSuS','./img/user_Images/1.jpg',160,4),(12,'Volke','wvolke1@opensource.org','GjVRurVk','./img/user_Images/1.jpg',208,2),(13,'Joost','ijoost2@flavors.me','GYp4ASI','./img/user_Images/1.jpg',260,3),(14,'Tick','mtick3@vimeo.com','ZT8YkPxe3Pp','./img/user_Images/1.jpg',279,8),(15,'Minichi','cminichi4@bloomberg.com','VFt1FOJ8c2g','./img/user_Images/1.jpg',118,2),(16,'Grube','wgrube5@rediff.com','tCyd4XKxs5','./img/user_Images/1.jpg',213,9),(17,'Murgatroyd','mmurgatroyd6@topsy.com','CYX8JA5D7Ju','./img/user_Images/1.jpg',170,3),(18,'Raycroft','braycroft7@google.cn','qssfYQ4e','./img/user_Images/1.jpg',241,4),(19,'Newburn','gnewburn8@sourceforge.net','Csz4o8MJ7HQ','./img/user_Images/1.jpg',68,2),(20,'Plester','dplester9@theguardian.com','EU8Dp2','./img/user_Images/1.jpg',24,6),(21,'Robertsen','mrobertsena@oaic.gov.au','RN48GLgv','./img/user_Images/1.jpg',85,6),(22,'Oldis','doldisb@phpbb.com','rt2dluwAhjEN','./img/user_Images/1.jpg',60,6),(23,'Mussington','tmussingtonc@e-recht24.de','3AR4kraRL6P','./img/user_Images/1.jpg',198,7),(24,'Quilter','mquilterd@businesswire.com','cFrgkQA8YG','./img/user_Images/1.jpg',163,9),(25,'Baitman','cbaitmane@constantcontact.com','ix2GqnB','./img/user_Images/1.jpg',256,2),(26,'Hawton','fhawtonf@bing.com','WvvyGtsRNCu','./img/user_Images/1.jpg',78,6),(27,'Jardine','sjardineg@dyndns.org','IYvpdLwY97','./img/user_Images/1.jpg',252,4),(28,'Challace','hchallaceh@kickstarter.com','qsbQtMIvJwY','./img/user_Images/1.jpg',201,2),(29,'Botting','dbottingi@imdb.com','0LWwQo','./img/user_Images/1.jpg',62,10),(30,'Truss','wtrussj@51.la','NOsTQ67N','./img/user_Images/1.jpg',182,1),(31,'Aguirre','raguirrek@bloomberg.com','3veIm2fNvp9v','./img/user_Images/1.jpg',5,2),(32,'Nancarrow','knancarrowl@loc.gov','53poYzEX','./img/user_Images/1.jpg',115,9),(33,'Gorham','pgorhamm@uiuc.edu','MfWLHVdUc3','./img/user_Images/1.jpg',251,10),(34,'Ingerfield','aingerfieldn@va.gov','qX8dS5RzyU','./img/user_Images/1.jpg',289,2),(35,'Gogarty','agogartyo@gnu.org','6BxJf60Yl0At','./img/user_Images/1.jpg',79,4),(36,'Warsap','wwarsapp@thetimes.co.uk','sc9ZBTD1RgK','./img/user_Images/1.jpg',289,6),(37,'Handrik','mhandrikq@yahoo.co.jp','MFKwDx','./img/user_Images/1.jpg',269,1),(38,'Brace','ebracer@cargocollective.com','8LQj5LCv','./img/user_Images/1.jpg',160,4),(39,'Candlish','ccandlishs@edublogs.org','9VLHyiHs','./img/user_Images/1.jpg',281,2),(40,'Oats','goatst@skype.com','InGi4j8RO','./img/user_Images/1.jpg',225,8),(41,'Bagnall','cbagnallu@washington.edu','g2zHomJ','./img/user_Images/1.jpg',208,1),(42,'Paulon','ipaulonv@squidoo.com','fVnLumoc','./img/user_Images/1.jpg',111,10),(43,'Skep','tskepw@a8.net','vZg7g5ssGkf','./img/user_Images/1.jpg',94,4),(44,'Barneville','kbarnevillex@gnu.org','XdLXmC6u1','./img/user_Images/1.jpg',24,7),(45,'Ryves','bryvesy@fotki.com','O89nwYWddk6','./img/user_Images/1.jpg',194,9),(46,'Freke','wfrekez@oracle.com','tijwWfuU','./img/user_Images/1.jpg',282,7),(47,'Philp','sphilp10@topsy.com','m25aYtTb0F','./img/user_Images/1.jpg',106,3),(48,'Newrick','hnewrick11@odnoklassniki.ru','WdEaeM2v','./img/user_Images/1.jpg',138,2),(49,'Briamo','jbriamo12@home.pl','NNp5nIZ','./img/user_Images/1.jpg',248,3),(50,'Delacourt','gdelacourt13@sbwire.com','wuphcKiDkg','./img/user_Images/1.jpg',182,6),(51,'Eastope','reastope14@pinterest.com','EfIi0ZN','./img/user_Images/1.jpg',116,4),(52,'Jimpson','gjimpson15@edublogs.org','uutUha','./img/user_Images/1.jpg',76,9),(53,'Quarton','kquarton16@list-manage.com','zQzRrO5Fk5Th','./img/user_Images/1.jpg',8,6),(54,'Reboul','breboul17@apache.org','oizviWiY3zx','./img/user_Images/1.jpg',50,10),(55,'Whitwham','ywhitwham18@privacy.gov.au','TKSz8sAf','./img/user_Images/1.jpg',14,5),(56,'Renon','drenon19@ucla.edu','PWeVpanAJ','./img/user_Images/1.jpg',116,7),(57,'Toupe','ntoupe1a@g.co','CYyXmR','./img/user_Images/1.jpg',127,4),(58,'Ruslin','bruslin1b@vkontakte.ru','MnopnaQG2gS','./img/user_Images/1.jpg',225,7),(59,'Titchard','atitchard1c@mapquest.com','2xxEXQ','./img/user_Images/1.jpg',207,8),(60,'Cantopher','rcantopher1d@uol.com.br','aVzh6uD','./img/user_Images/1.jpg',141,7),(61,'Deaconson','adeaconson1e@360.cn','iT6Qz8','./img/user_Images/1.jpg',285,6),(62,'Halward','ahalward1f@spiegel.de','gXfPFMTUfQ','./img/user_Images/1.jpg',181,5),(63,'Timblett','btimblett1g@ow.ly','mh1yHjcgO','./img/user_Images/1.jpg',47,2),(64,'Vallentine','pvallentine1h@apple.com','ZGmc9ZB','./img/user_Images/1.jpg',191,8),(65,'Kassidy','wkassidy1i@marriott.com','FfehnQJDuV','./img/user_Images/1.jpg',240,7),(66,'Dunstone','cdunstone1j@domainmarket.com','hXdcliKBV','./img/user_Images/1.jpg',108,2),(67,'Barrus','obarrus1k@theguardian.com','spGdibPsmtC','./img/user_Images/1.jpg',161,7),(68,'Craghead','ccraghead1l@boston.com','q6UZIC56ziG','./img/user_Images/1.jpg',98,2),(69,'Kernell','ekernell1m@geocities.jp','S1XcDBlyhQW1','./img/user_Images/1.jpg',132,7),(70,'Lulham','blulham1n@feedburner.com','3EkoL9jb','./img/user_Images/1.jpg',129,9),(71,'Newart','enewart1o@addthis.com','fTaH3Wbbf','./img/user_Images/1.jpg',95,1),(72,'Syme','ysyme1p@cnet.com','eBd9rXQioc','./img/user_Images/1.jpg',166,10),(73,'Compford','ccompford1q@etsy.com','p15StGi9W5d5','./img/user_Images/1.jpg',122,7),(74,'Cupitt','ncupitt1r@columbia.edu','n06PCfPt4dye','./img/user_Images/1.jpg',248,6),(75,'Onraet','jonraet1s@w3.org','AlMjPhZi','./img/user_Images/1.jpg',173,2),(76,'Berkley','jberkley1t@studiopress.com','vGYuLy8SeRi','./img/user_Images/1.jpg',63,3),(77,'Bassett','abassett1u@reuters.com','IxXTtG8','./img/user_Images/1.jpg',289,8),(78,'Dey','ldey1v@youku.com','FnjwTkkEf','./img/user_Images/1.jpg',51,6),(79,'Dowling','kdowling1w@tuttocitta.it','yOAID9fKvQL','./img/user_Images/1.jpg',200,5),(80,'Weldrick','sweldrick1x@google.com','YWZHgHFiEtb','./img/user_Images/1.jpg',128,7),(81,'Dawton','ddawton1y@hatena.ne.jp','9Yqv7QWCavQ','./img/user_Images/1.jpg',103,8),(82,'Knight','mknight1z@arizona.edu','lNa7fgw','./img/user_Images/1.jpg',197,6),(83,'Kalker','dkalker20@globo.com','Q4Ai1C','./img/user_Images/1.jpg',137,2),(84,'Lowder','mlowder21@google.com.au','eylWZGKI1xmY','./img/user_Images/1.jpg',163,1),(85,'Varnals','cvarnals22@princeton.edu','CUmdnsJmg95q','./img/user_Images/1.jpg',5,10),(86,'Durban','bdurban23@squarespace.com','pLbtnmUJXn','./img/user_Images/1.jpg',142,8),(87,'Hegerty','rhegerty24@narod.ru','kVL6f2kJ3o6','./img/user_Images/1.jpg',63,10),(88,'Adshad','jadshad25@goodreads.com','dsWvFz4','./img/user_Images/1.jpg',130,10),(89,'Abramovicz','tabramovicz26@histats.com','tbGptD3','./img/user_Images/1.jpg',118,6),(90,'Jobbings','tjobbings27@nih.gov','aNSmoCO','./img/user_Images/1.jpg',237,6),(91,'Fitchett','rfitchett28@com.com','hHEXX1ufc8r','./img/user_Images/1.jpg',272,6),(92,'Henrichsen','qhenrichsen29@springer.com','dKwLdU5oKA','./img/user_Images/1.jpg',274,10),(93,'Norval','enorval2a@epa.gov','1t5TmUpR','./img/user_Images/1.jpg',102,4),(94,'Borrie','dborrie2b@freewebs.com','SQHmvGeNC','./img/user_Images/1.jpg',266,10),(95,'Harlin','tharlin2c@networkadvertising.org','VOS93oStwQ9','./img/user_Images/1.jpg',19,8),(96,'Holsey','sholsey2d@tinyurl.com','wiFC5iv2k','./img/user_Images/1.jpg',215,7),(97,'Beverage','hbeverage2e@flavors.me','Tz2Q7G','./img/user_Images/1.jpg',24,5),(98,'Dudny','bdudny2f@yahoo.co.jp','vS9riXlo','./img/user_Images/1.jpg',282,6),(99,'Bilston','mbilston2g@samsung.com','L9lOLZx5s1','./img/user_Images/1.jpg',78,4),(100,'Verdun','averdun2h@g.co','SMD0Ah','./img/user_Images/1.jpg',11,9),(101,'Kinghorn','kkinghorn2i@about.me','SXHy8jM6kj','./img/user_Images/1.jpg',183,7),(102,'Berni','rberni2j@spiegel.de','0cXRo2nvv4Y','./img/user_Images/1.jpg',74,5),(103,'Viggers','dviggers2k@craigslist.org','EjCVeyP','./img/user_Images/1.jpg',300,2),(104,'Eathorne','leathorne2l@pinterest.com','A7wJpvf8U','./img/user_Images/1.jpg',128,6),(105,'Elam','telam2m@instagram.com','pWq68jKKE1','./img/user_Images/1.jpg',154,7),(106,'Glastonbury','bglastonbury2n@hubpages.com','SkBaKXCj','./img/user_Images/1.jpg',181,8),(107,'Bagniuk','jbagniuk2o@homestead.com','1JMR3gevT3J','./img/user_Images/1.jpg',207,8),(108,'Burston','cburston2p@vk.com','4PvBIoIO','./img/user_Images/1.jpg',67,3),(109,'Belleny','fbelleny2q@mit.edu','31eloVb8','./img/user_Images/1.jpg',249,3),(110,'Hammett','ghammett2r@washingtonpost.com','u5jPfNe','./img/user_Images/1.jpg',39,1),(111,'Parken','eparken2s@google.de','dQaXFQZ','./img/user_Images/1.jpg',96,3),(112,'Icom','cicom2t@macromedia.com','fyNPKEt86','./img/user_Images/1.jpg',95,4),(113,'Blaydes','ablaydes2u@prlog.org','tkC6DtE78c93','./img/user_Images/1.jpg',207,6),(114,'Pfaffe','bpfaffe2v@google.com','W1EkLpvsdso','./img/user_Images/1.jpg',250,3),(115,'Toyer','htoyer2w@comcast.net','bNA08yVPhw','./img/user_Images/1.jpg',98,5),(116,'Keppy','nkeppy2x@columbia.edu','KE71cG2Pn','./img/user_Images/1.jpg',188,2),(117,'Kulas','mkulas2y@berkeley.edu','5WBUhjEkUWT','./img/user_Images/1.jpg',254,2),(118,'Denacamp','cdenacamp2z@stanford.edu','K5tVUqBNeOC','./img/user_Images/1.jpg',32,6),(119,'Rubbens','lrubbens30@merriam-webster.com','GOJLthhkT42n','./img/user_Images/1.jpg',68,4),(120,'Extil','wextil31@netvibes.com','eEl0KJMlILf','./img/user_Images/1.jpg',23,8),(121,'Salsbury','ssalsbury32@tmall.com','26NgZD','./img/user_Images/1.jpg',25,5),(122,'Beasleigh','lbeasleigh33@jimdo.com','dFDnht3B','./img/user_Images/1.jpg',250,7),(123,'Graysmark','vgraysmark34@hao123.com','q3G4WishB59k','./img/user_Images/1.jpg',219,5),(124,'Jaouen','ejaouen35@aol.com','uIcDNZhUV','./img/user_Images/1.jpg',227,2),(125,'Wisam','iwisam36@disqus.com','iA3IwaXlI','./img/user_Images/1.jpg',23,8),(126,'Scarman','escarman37@creativecommons.org','ZUFds34WPSw','./img/user_Images/1.jpg',61,3),(127,'Gyurkovics','ngyurkovics38@booking.com','KLZnA6Ksj','./img/user_Images/1.jpg',109,9),(128,'Chastel','achastel39@ehow.com','J75g5De','./img/user_Images/1.jpg',236,5),(129,'Saker','gsaker3a@cnn.com','B4FNns','./img/user_Images/1.jpg',216,3),(130,'Atterley','batterley3b@fda.gov','xLnObPJCRcw','./img/user_Images/1.jpg',82,10),(131,'Traice','etraice3c@flavors.me','y3mmHVnxaUB','./img/user_Images/1.jpg',280,8),(132,'Risbie','drisbie3d@cbc.ca','nAYgiL5','./img/user_Images/1.jpg',143,10),(133,'Feron','dferon3e@disqus.com','MfySL4TA','./img/user_Images/1.jpg',238,3),(134,'Arnowicz','oarnowicz3f@zimbio.com','NPLqRl8o','./img/user_Images/1.jpg',140,9),(135,'Pickrill','ppickrill3g@accuweather.com','0LaXbbll2','./img/user_Images/1.jpg',129,9),(136,'Gilyott','ggilyott3h@bloglovin.com','7dbiBQp7ij','./img/user_Images/1.jpg',190,3),(137,'Bettenson','pbettenson3i@sakura.ne.jp','xogXiR','./img/user_Images/1.jpg',61,4),(138,'Scouse','sscouse3j@addtoany.com','Yg3AGkl4','./img/user_Images/1.jpg',268,5),(139,'Axon','daxon3k@ted.com','3a5cUtsw5','./img/user_Images/1.jpg',264,8),(140,'Priditt','gpriditt3l@sourceforge.net','ohGrkhGmsAE','./img/user_Images/1.jpg',228,1),(141,'Kondratowicz','bkondratowicz3m@pinterest.com','1Qn2bMwTWuN','./img/user_Images/1.jpg',246,4),(142,'Backs','gbacks3n@alexa.com','uaJU9zw8','./img/user_Images/1.jpg',294,10),(143,'Washington','kwashington3o@usatoday.com','gfZDBxV8GfeE','./img/user_Images/1.jpg',52,1),(144,'Izaac','lizaac3p@histats.com','Of3JYWKt','./img/user_Images/1.jpg',166,4),(145,'Craigmyle','acraigmyle3q@tumblr.com','vGqcJNl9NA','./img/user_Images/1.jpg',117,3),(146,'Kornes','kkornes3r@webnode.com','uWYh0a6DevUf','./img/user_Images/1.jpg',6,3),(147,'Kaes','wkaes3s@ucoz.com','eoCDwt','./img/user_Images/1.jpg',114,8),(148,'Banstead','rbanstead3t@seesaa.net','HaHZtte94oim','./img/user_Images/1.jpg',98,2),(149,'Heatly','jheatly3u@phpbb.com','2QC5c1seCA4','./img/user_Images/1.jpg',70,8),(150,'Bolesworth','mbolesworth3v@microsoft.com','Zq70pl9','./img/user_Images/1.jpg',77,10),(151,'Rockliffe','erockliffe3w@opensource.org','XM58Uyz','./img/user_Images/1.jpg',112,9),(152,'Kyndred','lkyndred3x@kickstarter.com','GxPiHJW6qyTa','./img/user_Images/1.jpg',283,4),(153,'D\'Costa','bdcosta3y@nytimes.com','5LGhcG','./img/user_Images/1.jpg',17,5),(154,'Rudham','krudham3z@dot.gov','v5n4swSnv3ka','./img/user_Images/1.jpg',38,5),(155,'McWaters','hmcwaters40@example.com','djuzt9','./img/user_Images/1.jpg',249,9),(156,'Poker','npoker41@issuu.com','ssnxKIiUE','./img/user_Images/1.jpg',138,9),(157,'Garthland','dgarthland42@eepurl.com','C8oTJ1','./img/user_Images/1.jpg',259,3),(158,'Allright','hallright43@live.com','nWlXY7DD6z','./img/user_Images/1.jpg',145,7),(159,'Cheine','echeine44@apache.org','Y6lCKSZHM','./img/user_Images/1.jpg',280,8),(160,'Mulholland','tmulholland45@acquirethisname.com','BUiuSu8Qc','./img/user_Images/1.jpg',192,5),(161,'Whittek','bwhittek46@hatena.ne.jp','ezAf5uf','./img/user_Images/1.jpg',183,9),(162,'Dumbrall','cdumbrall47@google.ru','iGpRKlne','./img/user_Images/1.jpg',137,1),(163,'Gergolet','jgergolet48@ow.ly','3DdTLmz89Am8','./img/user_Images/1.jpg',243,10),(164,'Odhams','eodhams49@over-blog.com','yRB4shUL','./img/user_Images/1.jpg',114,5),(165,'Sommerly','msommerly4a@forbes.com','WmyKybXH','./img/user_Images/1.jpg',1,9),(166,'Moodycliffe','umoodycliffe4b@altervista.org','X2hyWsvpCew','./img/user_Images/1.jpg',39,3),(167,'Wank','bwank4c@bluehost.com','GTa7uu73','./img/user_Images/1.jpg',268,2),(168,'Lars','elars4d@rediff.com','BCp0KH','./img/user_Images/1.jpg',265,7),(169,'Laws','mlaws4e@tinyurl.com','aoWtS5Bvn5c4','./img/user_Images/1.jpg',208,4),(170,'Wollard','lwollard4f@fotki.com','IaK9Y9','./img/user_Images/1.jpg',39,5),(171,'Crone','scrone4g@soup.io','3tY2DIwqMN','./img/user_Images/1.jpg',150,1),(172,'Westell','gwestell4h@buzzfeed.com','jrE9WBonNd','./img/user_Images/1.jpg',235,4),(173,'Grassi','bgrassi4i@sogou.com','U0WN2gQMQjzo','./img/user_Images/1.jpg',256,6),(174,'Sagg','msagg4j@issuu.com','ycdWylhJ','./img/user_Images/1.jpg',125,3),(175,'Prosch','sprosch4k@ocn.ne.jp','x8kYVGAtqvIk','./img/user_Images/1.jpg',241,3),(176,'Whear','awhear4l@g.co','TZCRuzr','./img/user_Images/1.jpg',270,1),(177,'Papez','cpapez4m@wisc.edu','BF8TPwAio7','./img/user_Images/1.jpg',149,7),(178,'Macer','cmacer4n@bloglovin.com','xNJNVu4qjDPW','./img/user_Images/1.jpg',227,8),(179,'Daice','sdaice4o@hc360.com','ntEbPTpPT','./img/user_Images/1.jpg',196,1),(180,'Salvadori','jsalvadori4p@deliciousdays.com','Kq7BrnzQNOF','./img/user_Images/1.jpg',263,8),(181,'Willcot','jwillcot4q@ifeng.com','5ii1Wz9QyK','./img/user_Images/1.jpg',157,1),(182,'Dobinson','hdobinson4r@biglobe.ne.jp','GwofAxTYW9PI','./img/user_Images/1.jpg',296,6),(183,'Jerzak','fjerzak4s@godaddy.com','TZUxmq6zxndd','./img/user_Images/1.jpg',89,4),(184,'Seal','cseal4t@vimeo.com','ip9kQW5q','./img/user_Images/1.jpg',124,9),(185,'Shepton','cshepton4u@arizona.edu','sIkAvYBP4gI','./img/user_Images/1.jpg',135,9),(186,'Creech','acreech4v@senate.gov','e1PVJl03B','./img/user_Images/1.jpg',176,10),(187,'Castlake','vcastlake4w@vk.com','ZDxANJUviLbg','./img/user_Images/1.jpg',119,3),(188,'Ellicott','lellicott4x@linkedin.com','QjxKZmtKW9c','./img/user_Images/1.jpg',57,7),(189,'Lightewood','blightewood4y@shop-pro.jp','yDI5hFTZlYA','./img/user_Images/1.jpg',75,3),(190,'Rudsdell','lrudsdell4z@t-online.de','dQ9DUFCK','./img/user_Images/1.jpg',62,1),(191,'Chorley','cchorley50@t-online.de','W7UA6xrucK','./img/user_Images/1.jpg',28,8),(192,'Calvert','bcalvert51@diigo.com','r2kctnvLhjV','./img/user_Images/1.jpg',296,8),(193,'Gunson','agunson52@instagram.com','VIDNrf','./img/user_Images/1.jpg',26,10),(194,'Frickey','bfrickey53@vistaprint.com','SaB28rrk','./img/user_Images/1.jpg',1,9),(195,'Mayze','rmayze54@dion.ne.jp','qi2pUm6h1','./img/user_Images/1.jpg',131,5),(196,'Lomasna','hlomasna55@amazon.de','QMDvK9','./img/user_Images/1.jpg',249,10),(197,'Oxbrough','poxbrough56@github.io','CRm0Z2EFe','./img/user_Images/1.jpg',228,3),(198,'Boland','nboland57@bloglovin.com','BA0oK7N','./img/user_Images/1.jpg',256,10),(199,'Erskin','kerskin58@reuters.com','1RRvWz0Guto','./img/user_Images/1.jpg',135,7),(200,'Mangeney','dmangeney59@wikipedia.org','MjFlQug','./img/user_Images/1.jpg',200,7),(201,'Mecco','jmecco5a@blogs.com','ZN9Hx6','./img/user_Images/1.jpg',298,4),(202,'Crossby','hcrossby5b@pcworld.com','Vza2mM4','./img/user_Images/1.jpg',186,7),(203,'Gomm','ngomm5c@deviantart.com','kpGuMT','./img/user_Images/1.jpg',200,3),(204,'Woofendell','pwoofendell5d@noaa.gov','6pXqde3N','./img/user_Images/1.jpg',52,8),(205,'Hammill','bhammill5e@umich.edu','E3KxvNg9','./img/user_Images/1.jpg',147,10),(206,'Kurtis','wkurtis5f@miibeian.gov.cn','EGXiQH','./img/user_Images/1.jpg',197,4),(207,'Ranfield','wranfield5g@webeden.co.uk','4SIMkU8t','./img/user_Images/1.jpg',168,1),(208,'Stayt','rstayt5h@ca.gov','OIiGZ5a','./img/user_Images/1.jpg',266,3),(209,'Boatright','pboatright5i@sbwire.com','9yeJhTp1Q8','./img/user_Images/1.jpg',187,8),(210,'Noye','snoye5j@archive.org','BHKCYYRVT','./img/user_Images/1.jpg',226,9),(211,'Coners','sconers5k@miitbeian.gov.cn','Fe8K548mFw','./img/user_Images/1.jpg',271,10),(212,'MacRorie','jmacrorie5l@angelfire.com','4Qo3Zx','./img/user_Images/1.jpg',56,6),(213,'Mangham','rmangham5m@mail.ru','wSaFriWz','./img/user_Images/1.jpg',133,1),(214,'Birchenough','hbirchenough5n@w3.org','LtdhTxpt0nS','./img/user_Images/1.jpg',26,4),(215,'Davidek','cdavidek5o@walmart.com','STpSdQg','./img/user_Images/1.jpg',92,10),(216,'Stuckow','cstuckow5p@yellowbook.com','DCzsiDUQLIy','./img/user_Images/1.jpg',180,4),(217,'Pelchat','rpelchat5q@home.pl','BzEEDOBe4A','./img/user_Images/1.jpg',133,6),(218,'Roscoe','jroscoe5r@springer.com','l0x45Gqk5CF8','./img/user_Images/1.jpg',273,10),(219,'Thurley','dthurley5s@huffingtonpost.com','ZIKIcAWL1','./img/user_Images/1.jpg',28,8),(220,'Gambles','vgambles5t@dmoz.org','vebiG5','./img/user_Images/1.jpg',78,8),(221,'Braisher','dbraisher5u@addtoany.com','QnrzWHRjp','./img/user_Images/1.jpg',58,9),(222,'Winn','bwinn5v@ovh.net','aMxo4YtCCG','./img/user_Images/1.jpg',240,9),(223,'Sparshett','lsparshett5w@yolasite.com','zxVPuD6pR','./img/user_Images/1.jpg',115,9),(224,'Pendergast','apendergast5x@java.com','ZoGDktze8c','./img/user_Images/1.jpg',185,7),(225,'Trayton','dtrayton5y@yale.edu','HELaTu5k','./img/user_Images/1.jpg',300,4),(226,'Smithen','jsmithen5z@google.es','8EMHGWuD','./img/user_Images/1.jpg',283,3),(227,'Simson','bsimson60@cdbaby.com','CXYCtXxU','./img/user_Images/1.jpg',24,7),(228,'Behnecken','rbehnecken61@soundcloud.com','4l3Czs','./img/user_Images/1.jpg',116,1),(229,'Chiverton','tchiverton62@theglobeandmail.com','Srl6gr','./img/user_Images/1.jpg',126,7),(230,'Attwoul','aattwoul63@home.pl','9KxQljXGsp','./img/user_Images/1.jpg',185,7),(231,'McRitchie','gmcritchie64@weibo.com','SljEwtI95V','./img/user_Images/1.jpg',135,3),(232,'Plumb','bplumb65@pbs.org','Y6WiJVqWmu','./img/user_Images/1.jpg',256,8),(233,'Deeny','cdeeny66@google.co.jp','BoxUTcFuEw','./img/user_Images/1.jpg',29,6),(234,'Parkyn','dparkyn67@vinaora.com','7Gmzz0h','./img/user_Images/1.jpg',287,3),(235,'Austins','laustins68@gnu.org','wvmy4CV','./img/user_Images/1.jpg',224,9),(236,'Benyon','ibenyon69@reuters.com','5U3TI6J','./img/user_Images/1.jpg',60,2),(237,'Koles','dkoles6a@posterous.com','Wv6yVe','./img/user_Images/1.jpg',20,2),(238,'Kesten','ckesten6b@blogtalkradio.com','pZ1aF6a','./img/user_Images/1.jpg',206,4),(239,'Pistol','apistol6c@ft.com','aWXrAO','./img/user_Images/1.jpg',1,7),(240,'Dowe','fdowe6d@booking.com','98HptYlXz','./img/user_Images/1.jpg',112,3),(241,'Fraschini','mfraschini6e@php.net','y5XPwjtAOxtQ','./img/user_Images/1.jpg',167,8),(242,'Vickers','hvickers6f@princeton.edu','X3waylz','./img/user_Images/1.jpg',114,3),(243,'Eggers','heggers6g@instagram.com','UIJQ98KTNcYM','./img/user_Images/1.jpg',199,5),(244,'Meuse','jmeuse6h@earthlink.net','u4T9AYe0','./img/user_Images/1.jpg',89,7),(245,'Heminsley','rheminsley6i@vistaprint.com','DxmXXVTYjYe','./img/user_Images/1.jpg',100,9),(246,'Burkwood','pburkwood6j@livejournal.com','7Qk6EIn9mqV','./img/user_Images/1.jpg',121,3),(247,'Eliyahu','peliyahu6k@google.co.uk','Qx7yavY','./img/user_Images/1.jpg',291,1),(248,'Gouinlock','jgouinlock6l@php.net','49CABbL4ly','./img/user_Images/1.jpg',48,5),(249,'Boother','lboother6m@sourceforge.net','a7AZiv','./img/user_Images/1.jpg',12,2),(250,'Hunstone','ghunstone6n@fda.gov','CcBOWWz','./img/user_Images/1.jpg',64,8),(251,'Vardey','svardey6o@bloomberg.com','V2cgvB','./img/user_Images/1.jpg',2,5),(252,'Relph','grelph6p@last.fm','aj0CEb','./img/user_Images/1.jpg',265,6),(253,'Eberdt','geberdt6q@tinypic.com','XCxaBRaO75nU','./img/user_Images/1.jpg',8,6),(254,'Klimkiewich','lklimkiewich6r@usnews.com','tbhZaPN','./img/user_Images/1.jpg',60,7),(255,'O\'Shesnan','uoshesnan6s@statcounter.com','KIQC5Jt19BHa','./img/user_Images/1.jpg',232,10),(256,'Eccleshall','heccleshall6t@myspace.com','s07Jz9oq','./img/user_Images/1.jpg',239,10),(257,'Lunk','llunk6u@businesswire.com','j9IRjeWxM','./img/user_Images/1.jpg',158,3),(258,'Pawellek','apawellek6v@bizjournals.com','pUz9bKsJOq','./img/user_Images/1.jpg',231,4),(259,'Godsal','cgodsal6w@zdnet.com','eug7MPKof4ua','./img/user_Images/1.jpg',11,4),(260,'Bigland','cbigland6x@sitemeter.com','24oTrQsizfXG','./img/user_Images/1.jpg',239,3),(261,'Struttman','sstruttman6y@cmu.edu','F0sM57MSKC9a','./img/user_Images/1.jpg',126,4),(262,'Sarsfield','ssarsfield6z@apache.org','ARlH3TzW6bp4','./img/user_Images/1.jpg',196,8),(263,'Mc Elory','mmcelory70@google.co.uk','tBFyywCCPuN','./img/user_Images/1.jpg',90,8),(264,'Predohl','tpredohl71@prnewswire.com','VsCmC8NG','./img/user_Images/1.jpg',297,10),(265,'Kiloh','gkiloh72@phpbb.com','AN89xt','./img/user_Images/1.jpg',262,7),(266,'Mangam','cmangam73@jugem.jp','TO6wFHMO','./img/user_Images/1.jpg',29,2),(267,'Mobius','rmobius74@tuttocitta.it','z8ZXlKQN20','./img/user_Images/1.jpg',149,7),(268,'Laurisch','olaurisch75@printfriendly.com','ZD4PoS','./img/user_Images/1.jpg',300,5),(269,'Boot','dboot76@comsenz.com','a5kbCli','./img/user_Images/1.jpg',27,8),(270,'Verbrugghen','fverbrugghen77@boston.com','ICox9W','./img/user_Images/1.jpg',22,4),(271,'Scandrett','cscandrett78@amazon.co.jp','ejoedT7U','./img/user_Images/1.jpg',159,6),(272,'Mottini','bmottini79@sakura.ne.jp','n2QQhT3bKC','./img/user_Images/1.jpg',106,1),(273,'Snaddin','msnaddin7a@yahoo.co.jp','XXpaX60OCTDH','./img/user_Images/1.jpg',19,10),(274,'Habard','fhabard7b@soup.io','dtrCu1Ju4i1','./img/user_Images/1.jpg',171,7),(275,'Donnelly','sdonnelly7c@alibaba.com','7S04b4f','./img/user_Images/1.jpg',36,6),(276,'Cayle','bcayle7d@multiply.com','E9LikHiX0wB','./img/user_Images/1.jpg',260,6),(277,'Grisenthwaite','ogrisenthwaite7e@diigo.com','78XHAB2','./img/user_Images/1.jpg',86,9),(278,'Meale','tmeale7f@trellian.com','oFEENE','./img/user_Images/1.jpg',99,1),(279,'Huck','hhuck7g@bbb.org','jNAayenqq','./img/user_Images/1.jpg',27,8),(280,'Havock','yhavock7h@fema.gov','3ttgbSaX6a','./img/user_Images/1.jpg',247,10),(281,'McSherry','bmcsherry7i@php.net','LbB8qeK','./img/user_Images/1.jpg',98,7),(282,'Cornwall','jcornwall7j@ovh.net','lh7vhS5i','./img/user_Images/1.jpg',297,9),(283,'Weall','sweall7k@ifeng.com','NmKGnkwLD','./img/user_Images/1.jpg',273,9),(284,'Millyard','mmillyard7l@xinhuanet.com','aGB5HV0','./img/user_Images/1.jpg',5,9),(285,'Spir','dspir7m@ed.gov','3xDAYd8','./img/user_Images/1.jpg',14,6),(286,'Barbary','rbarbary7n@bbb.org','wgH4lgnXXl','./img/user_Images/1.jpg',143,7),(287,'Deviney','fdeviney7o@cbsnews.com','pvN9ZwIsa','./img/user_Images/1.jpg',221,2),(288,'Sartin','ssartin7p@oakley.com','8lyFYVNsRZgU','./img/user_Images/1.jpg',283,7),(289,'Voelker','kvoelker7q@goo.ne.jp','HUCEAmt6OiWV','./img/user_Images/1.jpg',232,5),(290,'De Witt','bdewitt7r@rediff.com','f1Puk2KH','./img/user_Images/1.jpg',163,2),(291,'Pays','mpays7s@bluehost.com','wyjTco8K','./img/user_Images/1.jpg',30,7),(292,'Gooble','ggooble7t@eepurl.com','WHrX5R5LmaIF','./img/user_Images/1.jpg',101,5),(293,'Stephen','cstephen7u@devhub.com','DHpe4B0DYY9','./img/user_Images/1.jpg',260,2),(294,'Lage','wlage7v@alibaba.com','vJqT28rWKiSG','./img/user_Images/1.jpg',280,5),(295,'Ewells','aewells7w@github.com','spRRK0SJBVgX','./img/user_Images/1.jpg',85,2),(296,'Atthow','gatthow7x@amazon.co.jp','M3jfIPV2I','./img/user_Images/1.jpg',8,6),(297,'Growy','mgrowy7y@fda.gov','BdNYnka6to','./img/user_Images/1.jpg',250,3),(298,'Danilovitch','fdanilovitch7z@vk.com','vuHDfpS7xD','./img/user_Images/1.jpg',32,8),(299,'Linger','wlinger80@tripadvisor.com','kQjkiWWu','./img/user_Images/1.jpg',133,6),(300,'Tatum','atatum81@redcross.org','t4Rwxexw5ZO','./img/user_Images/1.jpg',112,4),(301,'Cavy','hcavy82@ebay.co.uk','jRe9dTDwp1v','./img/user_Images/1.jpg',191,2),(302,'Caughte','ecaughte83@businessinsider.com','hskavWul1K2','./img/user_Images/1.jpg',126,10),(303,'Sterley','tsterley84@sfgate.com','kaFr1U8Cz','./img/user_Images/1.jpg',137,6),(304,'Gouthier','rgouthier85@hibu.com','hoaGoCdZt','./img/user_Images/1.jpg',296,2),(305,'Cristofari','ccristofari86@xing.com','iXut27FOW79c','./img/user_Images/1.jpg',122,4),(306,'Hankin','mhankin87@springer.com','EhRZRWCyYO','./img/user_Images/1.jpg',119,6),(307,'Drummond','gdrummond88@lycos.com','o4ZXU4','./img/user_Images/1.jpg',257,3),(308,'Garrold','ggarrold89@hibu.com','hMeAIRM3tw','./img/user_Images/1.jpg',98,10),(309,'Dutnell','gdutnell8a@mit.edu','b3UI87W','./img/user_Images/1.jpg',85,7),(310,'Kynder','jkynder8b@earthlink.net','PiUuFHHhK','./img/user_Images/1.jpg',243,3);
/*!40000 ALTER TABLE `user` ENABLE KEYS */;
UNLOCK TABLES;
/*!40103 SET TIME_ZONE=@OLD_TIME_ZONE */;

/*!40101 SET SQL_MODE=@OLD_SQL_MODE */;
/*!40014 SET FOREIGN_KEY_CHECKS=@OLD_FOREIGN_KEY_CHECKS */;
/*!40014 SET UNIQUE_CHECKS=@OLD_UNIQUE_CHECKS */;
/*!40101 SET CHARACTER_SET_CLIENT=@OLD_CHARACTER_SET_CLIENT */;
/*!40101 SET CHARACTER_SET_RESULTS=@OLD_CHARACTER_SET_RESULTS */;
/*!40101 SET COLLATION_CONNECTION=@OLD_COLLATION_CONNECTION */;
/*!40111 SET SQL_NOTES=@OLD_SQL_NOTES */;

-- Dump completed on 2023-01-07 20:38:00
